company_name,source_url,status,established,capital,employees,representative,locations,homepage
株式会社リンクネット,https://hnavi.co.jp/corporation/2310/,ok,1999年5月18日,"10,000,000円",30名,関 秀明,東京都 港区白金4-10-28-306,https://link-nt.co.jp/
株式会社THO Media&amp;Solutions,https://hnavi.co.jp/corporation/8217/,ok,2021年12月22日,"9,900,000円",20名,片山 望希,東京都 渋谷区恵比寿4-20-3 ガーデンプレイスタワー18F,https://www.thomands.com/
株式会社GenAi,https://hnavi.co.jp/corporation/8934/,ok,2021年8月3日,"1,500,000円",49名,三浦一起,東京都 渋谷区神宮前3丁目25番地14号 エスラ原宿ビル7階,https://genai.co.jp/
合同会社Solashi Japan,https://hnavi.co.jp/corporation/3778/,ok,2022年8月29日,"5,000,000円",100名,島添 彰,東京都 渋谷区桜丘町１８−４ billage SHIBUYA 二宮ビル1F C11,https://solashi.com/
AMCOLAB株式会社,https://hnavi.co.jp/corporation/7038/,ok,2023年1月18日,"5,000,000円",40名,グェン ティ クィ,"海外 3rd Audi Building, No. 8 Pham Hung Street, Me Tri Ward, Nam Tu Liem Dist., Hanoi.",https://www.amcolab.vn/ja/
株式会社relation,https://hnavi.co.jp/corporation/3079/,ok,2012年11月1日,"25,000,000円",240名,井上 亮,兵庫県 神戸市中央区磯上通5-1-24 三光ビル2F,https://www.relation2012.com/
株式会社BTNコンサルティング,https://hnavi.co.jp/corporation/6675/,ok,2022年9月12日,"1,000,000円",2名,亀田 英佑,東京都 中央区日本橋富沢町10番13号 WORK EDITION NIHONBASHI 205,https://www.btncon.com/
株式会社ムクイル,https://hnavi.co.jp/corporation/9439/,ok,2024年3月21日,"1,000,000円",50名,入江龍雅,東京都 墨田区太平3丁目11-10 NTKオオノビル6F,https://www.mukuil.com/
株式会社プロテック,https://hnavi.co.jp/corporation/9097/,ok,2017年2月15日,"8,000,000円",7名,鎌田 広大,東京都 台東区台東一丁目31番9号 ニューセンチュリービル6F,https://www.pro-tech.co.jp/
ドコドア株式会社,https://hnavi.co.jp/corporation/3656/,ok,2011年2月20日,"170,600,000円",46名,本間 隆之,東京都 東京都中野区本町3-31-11 Daiwa中野坂上ビル6F,https://docodoor.co.jp/
株式会社LIH,https://hnavi.co.jp/corporation/3905/,ok,2016年2月2日,"1,000,000円",8名,出利葉貴弘,福岡県 福岡市中央区天神1丁目1-1 fabbitGGアクロス福岡1F,https://lih.co.jp/
株式会社クレアネット,https://hnavi.co.jp/corporation/6851/,ok,2008年6月6日,"10,000,000円",20名,谷 美輝,大阪府 大阪市北区南扇町1－5 UAKビル3F,https://www.clarenet.co.jp/
株式会社Flyby,https://hnavi.co.jp/corporation/3417/,ok,2020年12月28日,"3,500,000円",61名,伊藤 一記,東京都 港区新橋6-13-9 レグラード新橋3F,https://flyby.inc/
株式会社MH DESIGNS,https://hnavi.co.jp/corporation/3622/,ok,2019年2月21日,"5,000,000円",4名,高橋 平治,兵庫県 神戸市中央区多聞通4-1-10,https://mhdesigns.co.jp/
合同会社Riberte,https://hnavi.co.jp/corporation/15050/,ok,2022年3月14日,"999,999円",39名,森本翔,東京都 中央区八丁堀2-3-9 H¹O八丁堀,https://www.riberte.jp/
株式会社センタード,https://hnavi.co.jp/corporation/540/,ok,2010年12月1日,"8,000,000円",38名,平岡 悟,東京都 新宿区西新宿7-5-8 GOWA西新宿8F,http://www.centered.co.jp/
株式会社スタジオカレン,https://hnavi.co.jp/corporation/6231/,ok,2005年7月11日,"5,000,000円",14名,田中大輔,東京都 港区六本⽊7-15-7 新六本⽊ビル8F,https://www.studiokaren.co.jp/
HapInS株式会社,https://hnavi.co.jp/corporation/3549/,ok,2021年8月1日,"10,000,000円",125名,渡邉 亮介,東京都 新宿区新宿2丁目8番15号 パークフロント新宿3F,https://hapins.net/
株式会社グルコム,https://hnavi.co.jp/corporation/6669/,ok,2007年1月24日,"2,000,000円",10名,武本 之近,東京都 多摩市鶴牧1-3-10 605,https://grucom.jp/
株式会社イチカ,https://hnavi.co.jp/corporation/9925/,ok,2023年8月4日,"3,000,000円",10名,宮島晴之,東京都 中央区日本橋室町1丁目11番12号 日本橋水野ビル7階,https://itica.co.jp/
株式会社VISK,https://hnavi.co.jp/corporation/8462/,ok,2022年10月25日,"1,000,000円",15名,笹川直輝,大阪府 大阪市中央区備後町3丁目1-2 日宝アトラスビル3階,https://visk.co.jp/
ダイバージェンス株式会社,https://hnavi.co.jp/corporation/3100/,ok,2020年12月1日,"3,000,000円",25名,栗原 亮,東京都 港区海岸3-13-12 コンフォリア芝浦バウハウス1006,https://webtkr.com/
BST株式会社,https://hnavi.co.jp/corporation/6932/,ok,2018年8月17日,"1,000,000円",30名,上野俊行,東京都 文京区後楽2-16-5,https://bstinc.co.jp/
ナリモト株式会社,https://hnavi.co.jp/corporation/11308/,ok,2023年4月3日,"5,000,000円",100名,金成元(キム ソンウォン),東京都 文京区音羽1-17-11花和ビル403号,https://www.narimoto.co.jp/
EPICs株式会社,https://hnavi.co.jp/corporation/9478/,ok,2021年5月31日,"500,000円",25名,大熊滉希,東京都 新宿区西新宿6－20－7コンシェリア西新宿TOWER'SWEST ２F,https://nocodesemi.epic-s.co.jp/
株式会社aradas,https://hnavi.co.jp/corporation/843/,ok,2005年12月1日,"10,000,000円",13名,荒川 めぐみ,大阪府 大阪市中央区南船場2-1-10 CARP南船場第1ビル5F,http://www.aradas.net/
GlossVation株式会社,https://hnavi.co.jp/corporation/8747/,ok,2023年12月11日,"1,000,000円",5名,開発事業責任者 高田直人,東京都 東京都千代田区神田須田町1丁目7番8号 VORT秋葉原Ⅳ,https://www.glossvation.com/
株式会社オレンジグラフィックス,https://hnavi.co.jp/corporation/3433/,ok,2013年12月12日,"300,000円",6名,安藤 秀夫,東京都 新宿区新宿5丁目9-8 三恵ビル 301,http://orange-graphix.com/
株式会社イー・フュージョン,https://hnavi.co.jp/corporation/5948/,ok,1995年5月25日,"100,000,000円",10名,西田健一,埼玉県 川口市栄町3-2-16,https://www.efusion.co.jp/
株式会社カンナート,https://hnavi.co.jp/corporation/6744/,ok,2005年4月4日,"39,920,000円",50名,上坂 公輔,東京都 新宿区西新宿6-12-1西新宿パークウエストビル3階,https://www.kannart.co.jp/
株式会社リッチウィン,https://hnavi.co.jp/corporation/4003/,ok,2019年5月10日,"1,000,000円",10名,辻翔太,東京都 中央区銀座1-22-11銀座大竹ビジデンス2F,https://richwin.jp
株式会社九州ソフタス,https://hnavi.co.jp/corporation/4131/,ok,2001年5月8日,"10,000,000円",120名,瀧澤 盛夫,熊本県 熊本市西区春日2-3-1 牧野ビル,https://kyushu-softas.co.jp/
株式会社インターライフメディア,https://hnavi.co.jp/corporation/4690/,ok,2003年8月26日,"50,000,000円",10名,野村秀樹,東京都 千代田区永田町2-9-6十全ビル702,https://www.interlifemedia.co.jp/
株式会社レザボア・コンサルティング,https://hnavi.co.jp/corporation/6956/,ok,2022年6月2日,"3,000,000円",7名,小川雅紀,東京都 渋谷区神宮前６丁目２３番４号桑野ビル２階,https://reservoir.design/
メトロノーム株式会社,https://hnavi.co.jp/corporation/8650/,ok,2019年6月13日,"9,000,000円",40名,島崎 洋輔,東京都 港区港南2-16-4 品川グランドセントラルタワー8階,https://metronome.jp/
株式会社ShareDan,https://hnavi.co.jp/corporation/14782/,ok,2017年8月1日,"5,000,000円",6名,山本 真也,東京都 台東区浅草橋五丁目1番38号 アイビー浅草橋3階,https://www.sharedan.co.jp/
株式会社G.G.Gorilla,https://hnavi.co.jp/corporation/9823/,ok,2016年6月28日,"1,500,000円",3名,蘆田浩人,福岡県 福岡市東区西戸崎1-2-45ヴォルフスガルテン510,http://gggorilla.net/motion.graphic/
株式会社ビビッドソウル,https://hnavi.co.jp/corporation/3657/,ok,2017年8月1日,"10,000,000円",20名,貝沼 翔,東京都 文京区本郷三丁目５番地２号 U biz本郷4階,https://www.vividsoul.co.jp/
アンダーズ株式会社,https://hnavi.co.jp/corporation/6886/,ok,2016年4月21日,"30,000,000円",53名,新井美奈,東京都 千代田区麹町2-10-3,https://andaze.com/ja/
tkmt design合同会社,https://hnavi.co.jp/corporation/7487/,ok,2022年6月1日,"1,000,000円",1名,墳本優太,神奈川県 川崎市宮前区土橋2丁目4-3,https://tkmt.design/
株式会社ピースフラットシステム,https://hnavi.co.jp/corporation/8684/,ok,2022年5月12日,"5,000,000円",2名,片川 良平,東京都 東京都港区港南2-17-1 京王品川ビル2F,https://peace-flat-system.com/
株式会社リヴィティエ,https://hnavi.co.jp/corporation/9130/,ok,2009年7月7日,"11,500,000円",45名,佐藤紗耶子,東京都 文京区湯島3-1-5 アール・デコ御茶ノ水 6F,https://revitie.jp/
株式会社テレビ愛知企画,https://hnavi.co.jp/corporation/13007/,ok,1991年4月1日,"10,000,000円",10名,伊藤 弘道,愛知県 名古屋市中区栄4-16-33 日経名古屋支社ビル5階,https://www.tva.jp/
アプテック株式会社,https://hnavi.co.jp/corporation/1696/,ok,2008年10月3日,"10,000,000円",24名,倉石太郎,神奈川県 横浜市港北区新横浜 2-15-10 YS新横浜ビル5階,https://apteq.jp/
アットマークカフェ株式会社,https://hnavi.co.jp/corporation/2425/,ok,2006年12月16日,"1,000,000円",50名,山本 智久,東京都 中央区銀座6-10-1 GINZASIX 13F,http://atmarkcafe.jp/
株式会社Digeon,https://hnavi.co.jp/corporation/3495/,ok,2020年10月28日,"10,000,000円",24名,山﨑 祐太,兵庫県 神戸市中央区浪花町64 三宮電電ビル 5階,https://digeon.co/
株式会社フロンティアエンゲージメント,https://hnavi.co.jp/corporation/5647/,ok,2010年9月21日,"12,000,000円",30名,安岡 正晴,東京都 新宿区西新宿1-25-1 新宿センタービル49F,https://www.frontier-engagement.jp/
株式会社ノーコード総合研究所,https://hnavi.co.jp/corporation/8605/,ok,2023年8月24日,"16,000,000円",90名,石井大雅,京都府 京都市上京区二神町176-2 アーバン出町203,https://nocoderi.co.jp/
合同会社raisex,https://hnavi.co.jp/corporation/9319/,ok,2023年2月8日,"1,000,000円",1名,石橋朋治,埼玉県 さいたま市大宮区桜木町２丁目３番地大宮マルイ7階,https://raisex.jp/
株式会社Spovisor,https://hnavi.co.jp/corporation/9732/,ok,2023年6月22日,"9,500,000円",5名,池田 智彦,神奈川県 横浜市都筑区北山田1-10-5 ヴィ・ド・カンパーニュ港北ル・ソレイユ3F-03,https://future.spovisor.com/
サンダーバード株式会社,https://hnavi.co.jp/corporation/11066/,ok,2015年5月27日,"10,000,000円",10名,山根 洋平,群馬県 前橋市表町2-10-19 グラン前橋402,https://www.thunderbird.co.jp/
株式会社BAP Solution Japan,https://hnavi.co.jp/corporation/1959/,ok,2016年5月4日,"15,000,000円",50名,高井求,東京都 〒103-0025 東京都中央区日本橋茅場町３ー１０ー２ SKKビル8階,https://bap.jp/
株式会社MU,https://hnavi.co.jp/corporation/2698/,ok,2018年12月3日,"1,000,000円",23名,山田 元樹,神奈川県 横浜市中区花咲町3-103-2 アマデウスビル7F,https://minority-united.com/
株式会社Carecon,https://hnavi.co.jp/corporation/3522/,ok,2018年3月1日,"10,000,000円",150名,藤本淳也,東京都 渋谷区渋谷２丁目２２−３ 渋谷東口ビル ３階,https://care-con.co.jp/
株式会社egoba,https://hnavi.co.jp/corporation/3550/,ok,2021年12月23日,"1,000,000円",20名,廣瀬 創一,福岡県 福岡市中央区大名2-9-17 アリスト大名11F,https://egoba.co.jp/
アイガー株式会社,https://hnavi.co.jp/corporation/3590/,ok,2015年7月1日,"20,000,000円",20名,田中 尚樹,大阪府 大阪市西区新町１丁目８−１行成ビル4階B号,https://eiger-inc.co.jp/
株式会社メリテック,https://hnavi.co.jp/corporation/6671/,ok,2003年8月14日,"69,040,000円",50名,サチデバ ハリッシュ,東京都 中央区新川２丁目18-1,https://meritech.co.jp/
株式会社dotConf,https://hnavi.co.jp/corporation/6911/,ok,2023年1月25日,"5,000,000円",47名,松野直雅,東京都 渋谷区神宮前6-23-4桑野ビル2F,https://dotconf.co.jp
株式会社ヒトヒトプロモーション,https://hnavi.co.jp/corporation/9713/,ok,2014年1月6日,"100,000円",5名,及川英貴,東京都 港区芝浦3-15-4 SHIBAURA HOUSE,https://hito-hito.asia/
株式会社HomePageShop,https://hnavi.co.jp/corporation/14844/,ok,2010年2月10日,"10,000,000円",10名,渡邊 一弘,愛知県 名古屋市中川区運河町3-17,https://hp-shop.co.jp/
有限会社アールスリーインスティテュート,https://hnavi.co.jp/corporation/1618/,ok,2000年8月1日,,20名,加藤忠智,大阪府 大阪市北区大深町3-1 グランフロント大阪 タワーC 16階,https://www.r3it.com
キュアコード株式会社,https://hnavi.co.jp/corporation/1625/,ok,2011年11月22日,"10,000,000円",15名,代表取締役 土田史高,富山県 富山市総曲輪1-5-24 リアライズ富山城址公園5F,https://curecode.jp
デマンドリンク株式会社,https://hnavi.co.jp/corporation/2314/,ok,2013年6月14日,"9,000,000円",45名,今木 隆彦,東京都 千代田区岩本町2-2-10 日鉄岩本町ビルディング4階,https://www.demand-link.jp/
合同会社なのはなシステム,https://hnavi.co.jp/corporation/3232/,ok,2019年1月30日,"5,000,000円",9名,佐藤 雄朗,千葉県 千葉市中央区中央三丁目3番1号,https://www.nsys.co.jp/
株式会社SHIP,https://hnavi.co.jp/corporation/3935/,ok,2022年6月20日,"500,000円",25名,家長真大,東京都 港区虎ノ門4-3-20 神谷町MTビル14階 5号室,https://ship-inc.jp/
アジアクエスト株式会社,https://hnavi.co.jp/corporation/5947/,ok,2012年4月11日,"409,474,000円",461名,桃井 純,福岡県 〒810-0001 福岡県福岡市中央区天神1-14-18 天神ブリッククロス北棟14F,https://www.asia-quest.jp
KUSSHU合同会社,https://hnavi.co.jp/corporation/8118/,ok,2023年9月11日,"5,000,000円",18名,本庄 駿平,東京都 港区海岸１－２－２０汐留ビルディング３階,https://kusshu.jp/
株式会社キャリアシップパートナー,https://hnavi.co.jp/corporation/8943/,ok,2023年7月21日,"1,000,000円",2名,北岡功二,東京都 千代田区神田和泉町1-6-16ヤマトビル405,https://career-sp.studio.site/
EastCloud株式会社,https://hnavi.co.jp/corporation/11030/,ok,2025年3月22日,"6,500,000円",20名,菊地航輔,東京都 千代田区神田佐久間町３丁目２９ B.S.R 秋葉原 3F,https://east-cloud.jp/
株式会社ジャズインタープレイ,https://hnavi.co.jp/corporation/424/,ok,2001年11月1日,"10,000,000円",3名,安達 淳,東京都 中央区日本橋蛎殻町1-6-4 第３カネタツビル603,http://www.jazzinterplay.co.jp
株式会社リファクト,https://hnavi.co.jp/corporation/1182/,ok,2008年3月27日,"10,000,000円",30名,山田 裕樹,東京都 文京区本郷3-16-4 本郷天理ビル4F,https://www.refact.co.jp/
株式会社ネオシステム,https://hnavi.co.jp/corporation/1183/,ok,1989年12月1日,"70,000,000円",170名,宿沢 一六,東京都 中央区明石町8番1号 聖路加タワー37階,http://www.neosystem.co.jp/
株式会社ゼノフィ,https://hnavi.co.jp/corporation/1320/,ok,2006年3月29日,"10,000,000円",9名,小堤 一弘,東京都 新宿区大久保１−１４−１５三辰ビル５階,http://www.xenophy.com/
スパイスファクトリー株式会社,https://hnavi.co.jp/corporation/1732/,ok,2016年3月10日,"307,008,000円",94名,高木 広之介,東京都 港区台場2-3-1トレードピアお台場 20階南,https://spice-factory.co.jp/
株式会社ソースリンク,https://hnavi.co.jp/corporation/2410/,ok,2014年12月17日,"5,000,000円",25名,渡邊 新治,東京都 渋谷区道玄坂1-12-1 渋谷マークシティW22階,https://www.sourcelink.jp/
パーソルクロステクノロジー株式会社,https://hnavi.co.jp/corporation/2902/,ok,1979年10月11日,"495,000,000円",9706名,正木 慎二,東京都 江東区豊洲 3-2-20 豊洲フロント7階,https://persol-xtech.co.jp/
パーソルAVCテクノロジー株式会社,https://hnavi.co.jp/corporation/3240/,ok,1997年9月1日,"100,000,000円",1185名,佐藤 晃一,大阪府 高槻市幸町1番1号,https://www.persol-avct.co.jp/
株式会社アウルキャンプ,https://hnavi.co.jp/corporation/3473/,ok,2010年11月11日,"10,000,000円",50名,永野 啓史,東京都 文京区大塚5−6−15ワイビル4F,https://owlcamp.jp/
株式会社ライブエスト,https://hnavi.co.jp/corporation/7913/,ok,2012年7月2日,"10,000,000円",50名,石川 秀和,東京都 豊島区池袋2-14-4 池袋TAビル3F,https://live-est.com/
株式会社ChantoBit,https://hnavi.co.jp/corporation/8580/,ok,2023年11月1日,"3,000,000円",1名,村上征太郎,東京都 渋谷区道玄坂1-10-8 渋谷道玄坂東急ビル2F-C,https://chantobit.com/
一般社団法人Honmono協会,https://hnavi.co.jp/corporation/8588/,ok,2019年4月23日,"10,000,000円",100名,三井所健太郎,東京都 渋谷区恵比寿西1-33-6,https://www.honmono-all.com/
株式会社TableGO,https://hnavi.co.jp/corporation/8659/,ok,2023年9月1日,"3,000,000円",36名,谷口周作,東京都 新宿区西新宿3丁目3番13号西新宿水間ビル2F,https://labs.tablego.app/
株式会社KKI,https://hnavi.co.jp/corporation/8758/,ok,2000年11月15日,"60,000,000円",75名,筧 正紀,愛知県 名古屋市東区東桜1-1-1 アーバンネット名古屋ネクスタビル4F,https://kkidesign.v-kki.co.jp/
株式会社カスケード,https://hnavi.co.jp/corporation/8858/,ok,2022年10月5日,"1,000,000円",3名,朝田芳弘,大阪府 大阪市淀川区西中島5丁目6-13新大阪御幸ビル4階,https://cascadev.co.jp
株式会社アカリエ,https://hnavi.co.jp/corporation/9839/,ok,2014年5月12日,"10,000,000円",179名,髙城 敏和,神奈川県 横浜市港南区上大岡西1丁目6番1号,https://akarie.co.jp/
四葉システム開発株式会社,https://hnavi.co.jp/corporation/11746/,ok,2005年8月4日,"1,000,000円",16名,澤田 恵,東京都 板橋区板橋1-42-13 大佳板橋ビル3F-B,https://yotsuba-system.co.jp/
Jupyter株式会社,https://hnavi.co.jp/corporation/13197/,ok,2024年4月25日,"1,000,000円",30名,光本貴一,東京都 渋谷区,https://www.jupyter.co.jp/
株式会社ジェニシス,https://hnavi.co.jp/corporation/1217/,ok,,"15,000,000円",48名,坂口 聡隆,神奈川県 神奈川区鶴屋町3-29-1 第6安田ビル3階,http://www.genesis-net.co.jp/
株式会社エムプラス,https://hnavi.co.jp/corporation/1554/,ok,2010年1月20日,"4,000,000円",5名,眞塚 一,神奈川県 横浜市港北区新横浜３－１７－１２アルファスペース新横浜２Ｆ,http://www.mplus-net.co.jp/
株式会社阪口屋,https://hnavi.co.jp/corporation/1715/,ok,,,4名,坂本 禎,,http://www.teastalk.jp
株式会社ユキサキ,https://hnavi.co.jp/corporation/3452/,ok,2014年3月7日,"10,000,000円",10名,神野 太志,京都府 京都市下京区四条通麩屋町西入立売東町２８番地２大和証券京都ビル６Ｆ 602,https://yukisaki.co.jp/
株式会社Border Z,https://hnavi.co.jp/corporation/3705/,ok,2020年12月16日,"2,000,000円",25名,石岡 淳,東京都 品川区西品川１－１－１ 大崎ガーデンタワー9階 トンネル東京,https://www.border-z.co.jp/
株式会社RIT,https://hnavi.co.jp/corporation/4850/,ok,2013年8月2日,"6,000,000円",50名,安武 遼太,東京都 東京都豊島区西池袋1-11-1 メトロポリタンプラザビル15F,https://www.rit-inc.co.jp
株式会社Weberry,https://hnavi.co.jp/corporation/5167/,ok,2016年2月25日,"10,000,000円",2名,鈴木 勇介,東京都 豊島区南池袋3-24-15 WISEビル3F,https://weberry.jp/
"ARIS VIETNAM CO., LTD",https://hnavi.co.jp/corporation/5357/,ok,2011年8月30日,"67,500,000円",80名,チャン トアン ニャット,"海外 Waseco Building, 10 Pho Quang Str., Ward 2, Tan Binh Dist., Ho Chi Minh City, Vietnam.",https://www.aris-vn.com/ja/
株式会社インターリユース,https://hnavi.co.jp/corporation/7600/,ok,2009年6月4日,"15,000,000円",10名,井上 圭一,神奈川県 横浜市都筑区佐江戸町1353番地,https://inter-reuse.co.jp
株式会社Playground,https://hnavi.co.jp/corporation/8552/,ok,2018年5月15日,"10,000,000円",20名,馬谷 浩樹,東京都 千代田区神田須田町２丁目２ー２神田須田町ビル８階,https://playground.style/
株式会社レオリンク,https://hnavi.co.jp/corporation/8566/,ok,2012年1月18日,"10,000,000円",8名,高野和博,東京都 目黒区中央町1-14-9学芸大学スカイハイツ202,https://leo-link.jp/
株式会社イマス,https://hnavi.co.jp/corporation/10981/,ok,1976年10月8日,"30,000,000円",167名,米虫祥多,大阪府 大阪市中央区淡路町 3丁目１－９ 淡路町ダイビル 6F,https://imas-real.tech/
スターフィールド株式会社,https://hnavi.co.jp/corporation/874/,ok,2007年8月1日,"10,000,000円",20名,星野 翔太,東京都 東京都豊島区高田3丁目9−7,http://sterfield.co.jp
株式会社スーパーソフトウエア,https://hnavi.co.jp/corporation/2168/,ok,1983年6月1日,"90,000,000円",170名,船木 雅文,東京都 東京都渋谷区恵比寿南1-2-11-フォーシーズン恵比寿ビル 4F,https://www.supersoftware.co.jp/
Heligate Japan株式会社,https://hnavi.co.jp/corporation/2358/,ok,2019年4月3日,"2,000,000円",100名,代表取締役 竹内 上人,東京都 千代田区岩本町3-5-14リベラ岩本町ビル901 号,https://www.heligate.co.jp
atma株式会社,https://hnavi.co.jp/corporation/2720/,ok,2016年5月26日,"21,000,000円",100名,上浦伸也,大阪府 大阪市淀川区西中島1-9-20 8階,https://www.atma.co.jp/
ジェイ・ライン株式会社,https://hnavi.co.jp/corporation/2777/,ok,1996年12月3日,"10,000,000円",105名,野上 尚繁,大阪府 大阪市西区南堀江1-11-1 三共四ツ橋ビル8F・9F・11F,https://www.j-line.co.jp/
株式会社システナ,https://hnavi.co.jp/corporation/2859/,ok,1983年3月1日,"1,513,750,000円",4014名,逸見 愛親,東京都 港区海岸1丁目2番20号 汐留ビルディング 14F,https://www.systena.co.jp/
ALION株式会社,https://hnavi.co.jp/corporation/3453/,ok,2021年2月24日,"6,950,000円",50名,邱 世偉,大阪府 大阪市北区芝田2-8-11 共栄ビル3Ｆ,https://alion.jp/
トヨタ情報システム愛知株式会社,https://hnavi.co.jp/corporation/3465/,ok,1984年10月1日,"60,000,000円",389名,柴田 明彦,愛知県 日進市浅田平子3-330,https://www.tisa.co.jp/
株式会社アスパーク,https://hnavi.co.jp/corporation/3555/,ok,2014年1月14日,"50,000,000円",4906名,吉田 眞教,大阪府 大阪市北区鶴野町1-9 梅田ゲートタワー10階,https://www.aspark.co.jp/
株式会社アスリエ,https://hnavi.co.jp/corporation/3628/,ok,2019年6月3日,"5,000,000円",4名,寺中 祥太,福岡県 福岡県福岡市中央区大名2-6-53 -2F DRF内,https://tech.asucreate.co.jp/
株式会社スターキッド,https://hnavi.co.jp/corporation/6003/,ok,2007年8月1日,"5,000,000円",30名,高橋正幸,東京都 港区六本木4-8-6 パシフィックキャピタルプラザ6F,https://star-kid.co.jp/
株式会社HIROGARU,https://hnavi.co.jp/corporation/6125/,ok,2022年5月1日,"1,500,000円",15名,山下 正雄,東京都 渋谷区桜丘町26番1号 セルリアンタワー15F,https://hirogaru.co.jp/
TECHNEST株式会社,https://hnavi.co.jp/corporation/6476/,ok,2022年7月1日,"10,000,000円",100名,グエンダンコク・ヴォン,神奈川県 横浜市港北区新横浜2-5-14 WISENEXT新横浜ビル402,https://technest.com.vn/ja/
ワークスアイディ株式会社,https://hnavi.co.jp/corporation/6587/,ok,1999年7月19日,"100,000,000円",1515名,池邉 竜一,東京都 渋谷区渋谷2-15-1 渋谷クロスタワー23F,https://www.worksid.co.jp/
Aispel株式会社,https://hnavi.co.jp/corporation/7198/,ok,2019年2月20日,"10,000,000円",5名,彭作涛,東京都 渋谷区渋谷2-19-15宮益坂ビルディング609,https://aispel.com/
株式会社エドムインクリメント,https://hnavi.co.jp/corporation/7259/,ok,2006年2月22日,"10,000,000円",13名,吉村健,東京都 港区南青山2-22-2 クインビル4F,https://www.edomtt.co.jp/
クレバー株式会社,https://hnavi.co.jp/corporation/8206/,ok,2023年9月8日,"1,000,000円",4名,吉野湊,東京都 新宿区西新宿6-26-11 成子坂ハイツ 1105号室,https://www.clever-inc.com/
合同会社emo planning,https://hnavi.co.jp/corporation/8325/,ok,2022年3月1日,"1,000,000円",5名,内藤允耶,群馬県 佐波郡玉村町下之宮４３６−１,https://emo-planning.co.jp/
株式会社コードリック,https://hnavi.co.jp/corporation/8626/,ok,2018年5月16日,"10,000,000円",22名,白井 高久,石川県 金沢市古府3-45-2,https://codelic.co/
株式会社オートプロジェクト,https://hnavi.co.jp/corporation/10998/,ok,2010年4月1日,"3,000,000円",11名,三輪訓裕,愛知県 名古屋市天白区原2-3501 2G,https://autoproject.nagoya/
株式会社ジュリアジャパン,https://hnavi.co.jp/corporation/12865/,ok,1994年7月1日,"45,000,000円",60名,田中直之,東京都 新宿区西新宿3-20-2 東京オペラシティビル29F,https://juliajapan.co.jp/
株式会社レイグローブ,https://hnavi.co.jp/corporation/13819/,ok,2012年4月5日,"3,000,000円",7名,小林 光司,東京都 台東区上野3丁目2-2 アイオス秋葉原702,https://www.raygrove.jp/
Camuna合同会社,https://hnavi.co.jp/corporation/13898/,ok,2026年3月5日,"1,000,000円",7名,金築直,京都府 京都市下京区七条通油小路東入大黒町227番地第２キョートビル402,https://camuna.info/
株式会社シンカネット,https://hnavi.co.jp/corporation/816/,ok,2007年1月24日,"3,000,000円",10名,吉岡 真夏,大阪府 大阪市北区鶴野町4-11 朝日プラザ梅田14F,https://shinkanet.jp/
株式会社Open Field,https://hnavi.co.jp/corporation/1384/,ok,2008年11月1日,"1,000,000円",4名,野口 哲平,東京都 杉並区西荻南2-19-10 美光ビル6F,http://e-open-field.net/
株式会社アイティープランニング,https://hnavi.co.jp/corporation/1550/,ok,2011年2月14日,"10,000,000円",15名,西井 淳二,大阪府 大阪市中央区高麗橋4-8-10 パークコート淀屋橋ビル5F,http://www.it-pln.com
カコムス株式会社,https://hnavi.co.jp/corporation/2221/,ok,1971年7月7日,"95,000,000円",134名,清水 卓,大阪府 大阪市北区堂島浜 1-2-1 新ダイビル26F,https://www.kacoms.co.jp
マムズラボ株式会社,https://hnavi.co.jp/corporation/2838/,ok,2017年7月13日,"30,000,000円",10名,野口 愼吾,東京都 港区虎ノ門2-2-1 住友不動産虎ノ門タワー25F,https://moms-lab.jp/
タカコーホールディングス株式会社,https://hnavi.co.jp/corporation/3146/,ok,2013年4月1日,"20,000,000円",1300名,山本 嘉央,栃木県 栃木県小山市城東4-19-31,https://jobtkk.co.jp/engineer/
株式会社pluszero,https://hnavi.co.jp/corporation/3329/,ok,2018年7月10日,"22,000,000円",132名,代表取締役会長 小代 義行<br>代表取締役社長 森 遼太,東京都 世田谷区北沢2-6-10 仙田ビル4F,https://plus-zero.co.jp/
株式会社アスネット,https://hnavi.co.jp/corporation/3393/,ok,2001年6月1日,"10,000,000円",70名,阿部 一尋,東京都 新宿区西新宿7丁目23番1号 TSビル5階,https://www.asnet.co.jp/
アステック株式会社,https://hnavi.co.jp/corporation/3464/,ok,1984年12月4日,"90,000,000円",162名,髙橋 剛平,大阪府 大阪府吹田市豊津町2番30号 江坂ナックビル5F,https://www.astec-corp.co.jp/
株式会社キャピタルナレッジ,https://hnavi.co.jp/corporation/4175/,ok,2014年4月8日,"20,000,000円",6名,新谷 和敬,大阪府 大阪市北区天満2-13-8,https://www.capital-knowledge.co.jp/
株式会社ビュープラン,https://hnavi.co.jp/corporation/4775/,ok,1997年6月2日,"20,000,000円",100名,土屋 哲史,大阪府 大阪市中央区谷町６－６－７第五松屋ビル４Ｆ,https://beau-plan.co.jp/
株式会社ripla,https://hnavi.co.jp/corporation/7639/,ok,2022年11月2日,"1,000,000円",50名,張田谷凌央,東京都 渋谷区神宮前６丁目２３番４号桑野ビル２階,https://www.ripla.co.jp/
株式会社コネクト,https://hnavi.co.jp/corporation/8786/,ok,2007年12月4日,"45,000,000円",100名,宋 岩,東京都 品川区東五反田1-7-11アイオス五反田アネックス408,https://connect-inc.jp/
株式会社PRODUCTION C-TIME,https://hnavi.co.jp/corporation/12122/,ok,2006年6月20日,"9,000,000円",5名,瀬戸 晴生,神奈川県 小田原市国府津2521-1 飯塚商事ビル 3-B,https://www.ctime.jp/
株式会社エムアールピー,https://hnavi.co.jp/corporation/13020/,ok,2000年3月28日,"25,000,000円",30名,戸村陽一,千葉県 船橋市西船4-19-3成島ビル7F,https://portfolio.mrp-net.co.jp/
株式会社JIL,https://hnavi.co.jp/corporation/13192/,ok,2024年5月30日,"5,000,000円",20名,武井遼太郎,東京都 渋谷区神宮前六丁目23番4号 桑野ビル2階,https://jilinc.co.jp/
株式会社スタイル・フリー,https://hnavi.co.jp/corporation/1756/,ok,2007年4月13日,"10,000,000円",360名,三上光太郎,東京都 新宿区西新宿六丁目18番1号 住友不動産新宿セントラルパークタワー11F,https://style-free.co.jp/
株式会社タイロス,https://hnavi.co.jp/corporation/1998/,ok,2000年12月20日,"15,000,000円",25名,渡部紳二,東京都 府中市八幡町 3-17-15ともやビル6F （株）タイロス,http://www.kktiros.co.jp
株式会社クラスフォックス,https://hnavi.co.jp/corporation/2925/,ok,2013年3月26日,"9,000,000円",20名,西川 慎吾,東京都 港区高輪2-14-17グレイス高輪ビル8F,https://classfox.co.jp/
株式会社ソールテック,https://hnavi.co.jp/corporation/2969/,ok,2010年4月16日,"10,000,000円",10名,本橋淳,東京都 渋谷区猿楽町,https://www.soul-tech.jp/
株式会社インプレス,https://hnavi.co.jp/corporation/3038/,ok,1995年10月16日,"50,000,000円",120名,江澤 章,東京都 東京都中央区日本橋人形町2-26-5 NX人形町ビル5階,https://www.imprex.co.jp/
株式会社PPFパートナーズ,https://hnavi.co.jp/corporation/3212/,ok,2015年7月17日,"25,000,000円",219名,岡田 和人,大阪府 大阪府大阪市北区天神橋１丁目７−１７ イケガミノースハウス 4階,https://ppfpart.co.jp/
有限会社YUKINE COMPANY,https://hnavi.co.jp/corporation/3410/,ok,1979年8月11日,"3,000,000円",7名,岡田 雄吏,大阪府 大阪市中央区南久宝寺町2-5-10 101号,https://yuki-ne.com/
株式会社コムウェイ,https://hnavi.co.jp/corporation/3531/,ok,2001年8月17日,"25,000,000円",92名,種田 真吾,大阪府 大阪市中央区南本町3丁目6-14 イトゥビル 8階,https://www.com-way.co.jp/
株式会社PeakVisor,https://hnavi.co.jp/corporation/3841/,ok,2020年12月3日,"6,500,000円",12名,江頭 一馬,東京都 江東区扇橋2丁目4番8号,https://peakvisor.co.jp/
サイバーコム株式会社,https://hnavi.co.jp/corporation/4523/,ok,1978年12月4日,"399,560,000円",1293名,新井 世東,神奈川県 横浜市中区本町4－34,https://www.cy-com.co.jp/
株式会社イービット,https://hnavi.co.jp/corporation/4615/,ok,2003年10月8日,"3,000,000円",3名,大田 匡毅,東京都 渋谷区初台1-51-1 初台センタービル720,https://www.ebit.co.jp/
株式会社GOSPA,https://hnavi.co.jp/corporation/5093/,ok,2014年8月1日,"85,000,000円",30名,瀧口恵子,東京都 新宿区四谷坂町12-21コモンズビル4階,https://gos-pa.co.jp/
株式会社DEPARTURE,https://hnavi.co.jp/corporation/6488/,ok,2016年6月14日,"13,000,000円",21名,高木翔一,東京都 新宿区西新宿1-3-3品川ステーションビル新宿410号室,https://dptr.jp/
ピープルソフトウェア株式会社,https://hnavi.co.jp/corporation/6564/,ok,1982年12月1日,"48,000,000円",146名,横道 彰,岡山県 倉敷市阿知1-15-3 倉敷ビジネススクエア 4階,https://pscsrv.co.jp/
株式会社クオックス,https://hnavi.co.jp/corporation/6867/,ok,2008年8月1日,"2,000,000円",10名,大久保 貴浩,大分県 大分市長浜町１丁目６－１４,https://qox.jp/
株式会社タカインフォテクノ,https://hnavi.co.jp/corporation/6889/,ok,1979年2月23日,"50,000,000円",210名,阿部 将永,埼玉県 川越市脇田本町15番地10 大樹生命川越駅前ビル9F,https://www.taka-infotechno.co.jp/
株式会社ヒィズ,https://hnavi.co.jp/corporation/7445/,ok,1996年11月13日,"13,000,000円",5名,吉田晴夫,東京都 目黒区五本木2-13-3 黒石ビル4階,https://hizu.co.jp/
株式会社スマイル,https://hnavi.co.jp/corporation/7665/,ok,2009年12月18日,"10,000,000円",12名,河原 誠司,東京都 港区東新橋2-7-3,http://www.smile-319.com/
株式会社キュー,https://hnavi.co.jp/corporation/7828/,ok,1988年4月1日,"20,000,000円",120名,磯部 裕一,東京都 渋谷区代々木1-4-1 Jプロ代々木ビル3F,https://web.q-co.jp/
ネオクラウド株式会社,https://hnavi.co.jp/corporation/8454/,ok,2021年6月7日,"9,000,000円",32名,小圷 広貴,東京都 港区南青山 2-2-8DF ビル 10F 1034,https://www.neocloud.link/
株式会社ワールド,https://hnavi.co.jp/corporation/8613/,ok,2010年9月7日,"10,000,000円",10名,前村 愛,東京都 港区港南１丁目9-36 13階,https://vision-world.biz/
株式会社START&amp;ACTION,https://hnavi.co.jp/corporation/10201/,ok,2020年11月19日,"5,000,000円",3名,堤周平,東京都 中央区銀座７丁目13番6号 サガミビル 2階,https://start-action.net/
株式会社ユーフィクス,https://hnavi.co.jp/corporation/10437/,ok,2015年1月28日,"1,000,000円",4名,田中 正史,東京都 千代田区 神田小川町 1-8-3 小川町北ビル3階,https://www.u-fix.co.jp/
株式会社SHINJIDAI,https://hnavi.co.jp/corporation/10820/,ok,2023年4月18日,"10,000,000円",20名,加藤環,東京都 中央区銀座4-10-14 ACN銀座4ビルディング10-11F,https://shinjidai.co.jp/
秋霜堂株式会社,https://hnavi.co.jp/corporation/11005/,ok,2023年12月25日,"500,000円",26名,石川瑞起,東京都 東京都渋谷区道玄坂1-12-1 渋谷マークシティ W22階,https://syusodo.co.jp/
日本ソフト技研株式会社,https://hnavi.co.jp/corporation/1424/,ok,1986年11月11日,"75,000,000円",81名,橋間 鉄男,神奈川県 川崎市多摩区登戸3398-1 大樹生命登戸ビル4F,https://www.nsl.co.jp/
ケイ・エヌ情報システム株式会社,https://hnavi.co.jp/corporation/1451/,ok,1994年7月1日,"50,000,000円",43名,竹村 久志,広島県 広島市東区光町2丁目6番31号,http://www.knc.co.jp
株式会社ピーシーウイング,https://hnavi.co.jp/corporation/1566/,ok,,,,矢野 昌一,,http://www.pcwing.co.jp
有限会社フューチャーベース,https://hnavi.co.jp/corporation/1593/,ok,2003年8月18日,"3,000,000円",4名,山口 良二,,http://futurebase.co.jp
株式会社クロスパワー,https://hnavi.co.jp/corporation/1698/,ok,2006年10月2日,"50,000,000円",200名,大江 龍介,東京都 千代田区外神田1丁目16-8 GEEKS AKIHABARA 3階,http://www.x-power.co.jp
CasleyDeepInnovations株式会社,https://hnavi.co.jp/corporation/1713/,ok,2023年4月3日,"9,990,000円",40名,砂川 和雅,東京都 渋谷区恵比寿4丁目20-4恵比寿ガーデンプレイスタワーB1階,https://www.casleydi.co.jp/
株式会社ディー・フォレスト,https://hnavi.co.jp/corporation/1821/,ok,2012年7月6日,"5,000,000円",6名,寺田康彦,大阪府 大阪市北区西天満5-14-7 和光ビル 7F,https://d-forest-corp.com/
株式会社ギャス,https://hnavi.co.jp/corporation/2740/,ok,2015年4月8日,"1,000,000円",11名,島田 聖二,東京都 千代田区九段南1-5-6 りそな九段ビル5F,https://gyas.co.jp/
日本ジョイントソリューションズ株式会社,https://hnavi.co.jp/corporation/2879/,ok,2004年3月24日,"20,000,000円",50名,杉山 敏美,東京都 港区新橋4-21-3 新橋東急ビル６F,https://www.jjss.co.jp/
メセナインターコム株式会社,https://hnavi.co.jp/corporation/3488/,ok,1986年5月15日,"10,000,000円",20名,宮園 篤雄,東京都 渋谷区南平台町15-10 南平台1510ビル 5階,https://mecena.co.jp/
MICKS株式会社,https://hnavi.co.jp/corporation/3615/,ok,2021年8月2日,"1,000,000円",10名,水谷 聡一,東京都 港区新橋2-16-1,https://micks.co.jp/
キュア合同会社,https://hnavi.co.jp/corporation/4539/,ok,2015年10月15日,"1,500,000円",6名,本田 友樹,東京都 国分寺市,https://cure-inc.jp/
株式会社Life Crayon Style,https://hnavi.co.jp/corporation/6855/,ok,2022年11月1日,"30,000,000円",11名,竹内力也,愛知県 名古屋市西区押切１丁目１０番７号１F,https://l-c-style.co.jp/
株式会社if,https://hnavi.co.jp/corporation/7434/,ok,2021年1月4日,"1,000,000円",15名,伊藤史弥,東京都 中野区,https://if-tech.co.jp/
株式会社Shared Value,https://hnavi.co.jp/corporation/8152/,ok,2022年9月1日,"3,000,000円",10名,石原振一郎,広島県 広島市中区大手町2-1-6 大手町高橋ビル３F,https://sharedvalue.jp/
DEV01株式会社,https://hnavi.co.jp/corporation/8664/,ok,2022年12月12日,"1,000,000円",3名,冨樫 航平,東京都 新宿区天神町7番地11,https://dev01.jp/
株式会社コルモアナ,https://hnavi.co.jp/corporation/9685/,ok,2023年9月6日,"1,000,000円",28名,平本健祐,東京都 渋谷区渋谷１丁目１－３アミーホール５Ｆ,https://www.kolumoana.com/
株式会社スタンプ,https://hnavi.co.jp/corporation/10751/,ok,2007年12月3日,"10,000,000円",5名,當山 聖和,沖縄県 中頭郡中城村字南上原522 カーサ・スペランツァ 103号室,https://www.stampp.co.jp/
株式会社launchLab,https://hnavi.co.jp/corporation/11572/,ok,2024年2月5日,"500,000円",10名,佐々木裕隆,東京都 世田谷区太子堂2-17-5 佐藤ビル3F,https://launch-lab.co.jp/
株式会社クリエイトアソシエ,https://hnavi.co.jp/corporation/11636/,ok,2014年10月1日,"1,000,000円",10名,本橋 正光,東京都 港区南青山2丁目2番15号 ウィン青山1403,https://create-associe.co.jp/
小畑石油採掘株式会社,https://hnavi.co.jp/corporation/11842/,ok,2025年4月22日,"1,000,000円",4名,小畑浩平,東京都 上目黒目黒区,https://obatamining.co.jp/
株式会社コンテナ,https://hnavi.co.jp/corporation/12708/,ok,2010年3月1日,"9,800,000円",26名,大西俊之,大阪府 大阪市中央区南久宝寺町2-6-7 SO-TEN BLD,https://contenna.net/
ソフト総研株式会社,https://hnavi.co.jp/corporation/1134/,ok,1992年7月20日,"3,000,000円",5名,尾内孝博,神奈川県 川崎市中原区小杉町3丁目600番 MIDPOINT,http://www.softsoken.co.jp/
株式会社レイアウト,https://hnavi.co.jp/corporation/1704/,ok,2012年10月1日,"1,000,000円",10名,代表取締役,広島県 広島県広島市南区京橋町1-7 アスティ広島京橋ビルディング,http://www.layout-web.com/
株式会社SACOOL,https://hnavi.co.jp/corporation/1739/,ok,,,,,,http://sacool.jp/
株式会社スリーエース,https://hnavi.co.jp/corporation/1767/,ok,1981年8月4日,"34,500,000円",66名,片山 茂,京都府 京都市下京区四条通油小路西入藤本寄町26-1 朝日生命京都第二ビル2階,http://www.3ace-net.co.jp/
インフォニック株式会社,https://hnavi.co.jp/corporation/2476/,ok,2005年3月31日,"30,000,000円",120名,菊地 宏,東京都 東京都中央区銀座7丁目14-16 太陽銀座ビル4F,https://www.infonic.co.jp/
ソリッドコミュニケーション株式会社,https://hnavi.co.jp/corporation/2681/,ok,1997年9月1日,"10,000,000円",120名,金子 健吾,東京都 千代田区麹町5丁目3番3号 麹町KSスクエア5F,https://www.solidcom.co.jp/
LRテックス株式会社,https://hnavi.co.jp/corporation/2971/,ok,2014年10月28日,"10,000,000円",40名,瀬戸 竜,東京都 渋谷区道玄坂1-12-1 渋谷マークシティW22階,http://www.lrtechs.co.jp/
ピセ株式会社,https://hnavi.co.jp/corporation/2973/,ok,1992年9月1日,"50,000,000円",130名,久保 公利,東京都 港区芝大門1-3-8 VORT芝大門Ⅱ6F,http://www.pise.co.jp
株式会社ベンジャミン,https://hnavi.co.jp/corporation/2996/,ok,2017年6月1日,"3,580,000円",39名,川尻 純,東京都 中央区日本橋久松町6番地9号 AS ONE日本橋Eastビル４階,https://benjamin.co.jp/
ソーバル株式会社,https://hnavi.co.jp/corporation/3103/,ok,1983年1月21日,"214,000,000円",839名,推津 敦,東京都 品川区北品川5-9-11 大崎ＭＴビル,https://www.sobal.co.jp/
株式会社A-ZiP,https://hnavi.co.jp/corporation/3412/,ok,2016年8月22日,"50,000,000円",47名,長谷川 伊吹,兵庫県 神戸市中央区生田町１丁目４－２０新神戸ビルディング,https://a-zip.co.jp/company/profile/
モカモコ株式会社,https://hnavi.co.jp/corporation/4105/,ok,2017年6月1日,"1,500,000円",3名,加堂 努,東京都 千代田区九段南1-5-6 りそな九段ビル5F KSフロア,https://corporate.mocamoco.com/
フィールドシステムズ株式会社,https://hnavi.co.jp/corporation/4336/,ok,2010年12月14日,"1,000,000円",30名,園田規正,福岡県 福岡市博多区博多駅南１－７－２２,https://fieldsystems.co.jp/
株式会社アピュイ,https://hnavi.co.jp/corporation/4750/,ok,2001年1月29日,"10,000,000円",10名,中村 孝行,大阪府 大阪市東淀川区豊新２－２－３ ２０２,https://appui.jp/
株式会社DIPRO,https://hnavi.co.jp/corporation/6498/,ok,2021年9月15日,"5,000,000円",200名,後藤 好恵,東京都 千代田区神田三崎町3-5-9 天翔水道橋ビル506,https://www.dipro-tech.com/
株式会社AITC,https://hnavi.co.jp/corporation/6824/,ok,2020年7月8日,"10,000,000円",30名,長尾 健太郎 / 箱木 章人,愛知県 名古屋市中村区名駅南一丁目13番22号ワールドフラッグ名駅4階,https://aitc.co.jp/
株式会社apical-point,https://hnavi.co.jp/corporation/6972/,ok,2019年11月1日,"2,000,000円",10名,後藤清貴,大阪府 大阪市中央区高麗橋2丁目2-7東栄ビル403号室,https://www.apical-point.com/
株式会社サンカ,https://hnavi.co.jp/corporation/8064/,ok,2013年10月10日,"6,600,000円",50名,金海寛,東京都 江東区豊洲1-3-2,https://sanka.com/ja/
イクスコアクリエイティブ株式会社,https://hnavi.co.jp/corporation/8194/,ok,2023年4月28日,"1,000,000円",4名,根岸修平,東京都 豊島区目白3丁目13-20-205,https://xiscore-creative.co.jp/
株式会社アイセル,https://hnavi.co.jp/corporation/8607/,ok,1989年1月25日,"100,000,000円",156名,草川 麗子,大阪府 大阪府大阪市北区堂島2-1-16 フジタ東洋紡ビル5F,https://www.aisel.ne.jp/business/
株式会社リーディング･エッジ社,https://hnavi.co.jp/corporation/10494/,ok,2000年7月7日,"30,000,000円",156名,松本 研二,東京都 港区新橋四丁目1番1号 新虎通りCORE,https://leadinge.co.jp/
有限会社リニア・ジャパン,https://hnavi.co.jp/corporation/11341/,ok,2002年1月25日,"40,000,000円",30名,村上浩昭,東京都 港区高輪2丁目14番17号グレイス高輪ビル8階,https://linear-jp.biz/
株式会社StellarCreate,https://hnavi.co.jp/corporation/11591/,ok,2023年8月7日,"1,000,000円",5名,佐々木 将一,東京都 中野区中野五丁目67番7号プラザ中野801,https://www.stellar-create.co.jp/
emofle合同会社,https://hnavi.co.jp/corporation/12362/,ok,2025年7月7日,"999,996円",10名,細谷南雲,東京都 中央区銀座7丁目13番6号 サガミビル 2階,https://shinonomesya.com/about/
株式会社オールワンズマイト,https://hnavi.co.jp/corporation/13407/,ok,2002年11月1日,"25,000,000円",1名,中村元義,大阪府 大阪市北区西天満3丁目5番18号 第三新興ビル701,https://www.all-ones-might.com/
株式会社オープンアップシステム,https://hnavi.co.jp/corporation/176/,ok,1996年12月2日,"30,000,000円",687名,簱持 正彌,東京都 港区東新橋2-14-1 NBFコモディオ汐留3階,https://www.openupsystem.co.jp/
株式会社アイティ・フォレスト,https://hnavi.co.jp/corporation/444/,ok,1997年9月2日,"80,000,000円",68名,恒吉 順二,東京都 港区東新橋2－3－3 ルオーゴ汐留,http://www.it-forest.co.jp
株式会社リアル,https://hnavi.co.jp/corporation/867/,ok,1992年6月1日,"20,000,000円",12名,小林順二,神奈川県 横浜市保土ヶ谷区岩井町1-7 保土ヶ谷駅ビル4階,http://www.j-real.com/
株式会社日本ノベルティ,https://hnavi.co.jp/corporation/1545/,ok,2004年3月1日,"11,000,000円",50名,高嶋 明,福岡県 福岡市博多区祇園町2番1号シティ17ビル9F,http://www.jnovelty.co.jp/
株式会社ガウス,https://hnavi.co.jp/corporation/1633/,ok,1978年12月19日,"100,000,000円",99名,牛山正弘,東京都 千代田区二番町4番地3 二番町カシュービル2F,http://www.gaws.co.jp/
有限会社バーチャルテクノロジー,https://hnavi.co.jp/corporation/1676/,ok,2003年6月13日,"3,000,000円",3名,竹嵜 伸一郎,福岡県 福岡市早良区有田８−１８−８−１０５,http://reflexworks.jp
株式会社マクティズム,https://hnavi.co.jp/corporation/1811/,ok,2009年1月1日,"3,000,000円",,岩下 隆祐,大阪府 大阪市中央区大手通2丁目3−14 ツムラ大手通ビル701,
株式会社エクステック,https://hnavi.co.jp/corporation/1825/,ok,1997年8月7日,"10,000,000円",55名,福嶋 昭,大阪府 大阪市西区京町堀１丁目４番２２号 肥後橋プラザビル ９Ｆ,http://www.extech.co.jp
株式会社イークリエイト,https://hnavi.co.jp/corporation/1838/,ok,,"27,000,000円",,西宮 成典,,http://www.ecreate.co.jp/
株式会社Automagic,https://hnavi.co.jp/corporation/2876/,ok,2003年10月3日,"32,502,800円",31名,清水 宏樹,東京都 港区浜松町2-9-6 浜松町エムプレスビル5F,https://www.automagic.co.jp/
株式会社エイデック,https://hnavi.co.jp/corporation/3401/,ok,1993年3月23日,"10,000,000円",120名,前田 武志,大阪府 大阪市中央区城見1丁目3番50号 読売テレビ本社 west wing 7階,https://www.a-dec.co.jp/
ナイン・アルファ合同会社,https://hnavi.co.jp/corporation/3493/,ok,2017年6月1日,"2,000,000円",5名,太田 猛,神奈川県 横浜市港南区日限山1-67-41,http://9alpha.co.jp/
合同会社F.R.C,https://hnavi.co.jp/corporation/3535/,ok,2016年4月3日,"1,000,000円",3名,荻原 和彦,長野県 上田市材木町1-6-13-207,
バレットグループ株式会社,https://hnavi.co.jp/corporation/3658/,ok,2013年1月28日,"10,000,000円",200名,小方 厚,東京都 渋谷区千駄ヶ谷5-27-5 リンクスクエア新宿 16F,https://bltinc.co.jp/
株式会社コレックホールディングス,https://hnavi.co.jp/corporation/4016/,ok,2010年3月11日,"319,364,000円",508名,栗林 憲介,東京都 豊島区南池袋2-32-4,https://www.correc.co.jp/
株式会社ティーネットジャパン,https://hnavi.co.jp/corporation/5556/,ok,1976年4月30日,"263,600,000円",1836名,木本 泰樹,東京都 港区芝浦1-1-1 BLUE FRONT SHIBAURA TOWER S 18階,https://www.tn-japan.co.jp/ja/index.html
イースト株式会社,https://hnavi.co.jp/corporation/7289/,ok,1985年5月4日,"82,300,000円",114名,熊野 哲也,東京都 渋谷区代々木2丁目22番8号,https://www.est.co.jp/
株式会社グローバルジャパンネットワーク,https://hnavi.co.jp/corporation/7354/,ok,2016年5月13日,"20,000,000円",30名,熊本浩明,東京都 中央区銀座2-14-1 森山ビル3階,https://gjnetwork.jp/
株式会社FLAG,https://hnavi.co.jp/corporation/7922/,ok,2011年5月2日,"30,000,000円",7名,貞光賢一,福岡県 福岡市中央区舞鶴3-2-5 アイビル4F,https://www.flaginc.net/
株式会社Nosh,https://hnavi.co.jp/corporation/8243/,ok,2016年7月1日,"8,000,000円",22名,藤森匡行,東京都 品川区大井3-26-13-100,https://www.nosh-inc.com/
株式会社Refu,https://hnavi.co.jp/corporation/8266/,ok,2022年4月1日,"1,000,000円",13名,平井翔,神奈川県 相模原市緑区橋本３丁目１８−１１ 石野ビル３階,https://refu-official.com/
Z-SOFT株式会社,https://hnavi.co.jp/corporation/8312/,ok,2023年10月6日,"60,000,000円",30名,宮崎 煌大,愛知県 名古屋市中村区名駅三丁目28番12号 大名古屋ビルヂング11階,https://z-soft.co.jp/
株式会社コンサルリンク,https://hnavi.co.jp/corporation/8893/,ok,2017年12月8日,"30,000,000円",62名,中尾 雄大,東京都 東京都文京区本郷２－２６－９ NOVEL WORK Hongo2F,https://www.consallink.co.jp/
株式会社confident,https://hnavi.co.jp/corporation/8918/,ok,2021年2月5日,"1,000,000円",1名,代表取締役 鴨 英幸,埼玉県 越谷市中町8-2 たぶの木の家103,https://confident-inc.jp/
株式会社グローバルウェイ,https://hnavi.co.jp/corporation/9435/,ok,2004年10月1日,"211,560,000円",146名,各務 正人,東京都 港区新橋6丁目19番13号エンスイテ御成門,https://www.globalway.co.jp/
イメージ情報開発株式会社,https://hnavi.co.jp/corporation/10005/,ok,1975年10月1日,"600,995,750円",46名,半田 基実,東京都 千代田区神田猿楽町2-4-11 犬塚ビル1F,https://image-inf.co.jp/
LIJ株式会社,https://hnavi.co.jp/corporation/10815/,ok,2020年7月1日,"10,000,000円",62名,野原 賢太郎,東京都 新宿区西新宿3-7-1 新宿パークタワーN30F,https://www.los-ij.co.jp/
株式会社HMネット,https://hnavi.co.jp/corporation/12206/,ok,2024年9月3日,"300,000円",3名,三好健二,山口県 長門市東深川10074-10,http://hmnet-corp.sakura.ne.jp/
合同会社クリーティア,https://hnavi.co.jp/corporation/13570/,ok,2025年9月16日,"100,000円",1名,臼井祥司,大阪府 豊中市豊南町南6丁目7-2,https://creatia-studio.com/
株式会社Angkor Byte,https://hnavi.co.jp/corporation/13971/,ok,2025年6月18日,"8,000,000円",11名,福岡克也,東京都 渋谷区道玄坂1丁目10番8号渋谷道玄坂東急ビル2F−C,https://angkor-byte.com/
株式会社ロマンクルー,https://hnavi.co.jp/corporation/1371/,ok,2013年2月4日,"3,000,000円",3名,能登 学,東京都 中央区八重洲2-1-1 YANMAR TOKYO 12階,http://romancrew.co.jp/
有限会社伊唐,https://hnavi.co.jp/corporation/1475/,ok,2003年12月21日,,,杉山 恵,,http://ikaraisland.com/
株式会社ライズサービス,https://hnavi.co.jp/corporation/1598/,ok,2010年6月1日,"10,000,000円",45名,南 篤志,大阪府 大阪市西区立売堀1-9-10 HOWAビル503,http://riseservice.co.jp
6etアプリ株式会社,https://hnavi.co.jp/corporation/1636/,ok,2014年7月1日,"6,100,000円",2名,渡邊拓也,東京都 豊島区東池袋 2-62-8 BIGオフィスプラザ池袋1107,http://6et-app.com
アクティブサポートジャパン合同会社,https://hnavi.co.jp/corporation/1688/,ok,2014年3月26日,,,西澤俊志,,http://activesupport.co.jp
株式会社ルミテック,https://hnavi.co.jp/corporation/1725/,ok,1990年5月30日,"10,000,000円",30名,坂本真理,千葉県 柏市柏1-7-1-406,http://www.lumitec.co.jp/
株式会社デイブレイク,https://hnavi.co.jp/corporation/1745/,ok,2010年10月1日,"20,000,000円",50名,矢口隼平,東京都 渋谷区恵比寿西2-19-9フランセスビル2F,http://www.day-b.jp
株式会社ブースターテクノロジー,https://hnavi.co.jp/corporation/1831/,ok,,"3,050,000円",,土屋達哉,,https://www.booster-technology.com
株式会社国際テクノロジーセンター,https://hnavi.co.jp/corporation/2416/,ok,1983年6月29日,"20,000,000円",129名,山崎 正雄,東京都 品川区東五反田1-21-13 ファーストスクエア五反田7F,http://www.ktcc.co.jp/
株式会社日本キャスト,https://hnavi.co.jp/corporation/2562/,ok,1991年7月1日,"60,000,000円",128名,樽澤 康治,東京都 千代田区神田猿楽町2-8-16 平田ビル6F,https://www.n-cast.co.jp/
株式会社UZEN,https://hnavi.co.jp/corporation/3390/,ok,2014年1月6日,"22,490,000円",30名,スコット キム,東京都 東京都港区三田2-7-12 徳文堂ビル４F,http://www.g1commerce.jp/
EJCOMS株式会社,https://hnavi.co.jp/corporation/3621/,ok,2004年6月7日,"10,000,000円",25名,高橋 清美,東京都 町田市原町田3-8-12 網倉ビル202,https://ejcoms.co.jp/
株式会社リソルカンパニー,https://hnavi.co.jp/corporation/4258/,ok,2016年9月23日,"1,550,000円",6名,正願地 洋介,東京都 東京都世田谷区太子堂2-17-5 3F,https://www.resolatte.com/
株式会社アルカディアエンターテイナー,https://hnavi.co.jp/corporation/4983/,ok,2000年7月1日,"10,000,000円",5名,黒野 學,東京都 杉並区南荻窪4-44-15,https://www.arcadia-ent.co.jp/
株式会社ブルーム,https://hnavi.co.jp/corporation/5591/,ok,2012年5月15日,200円,10名,仲山 大,東京都 港区赤坂7-6-43,https://bloominc.jp/
株式会社ビースカイネット,https://hnavi.co.jp/corporation/6246/,ok,2008年1月1日,"10,000,000円",16名,田中将紹,東京都 千代田区神田佐久間町2-24 千代田ブリスビル4階,https://www.beeskynet.com/
株式会社トリプルアイズ,https://hnavi.co.jp/corporation/6568/,ok,2008年9月3日,"870,060,000円",251名,代表取締役CEO 片渕 博哉,東京都 港区芝浦3ｰ4ｰ1 グランパークタワー32F,https://www.3-ize.jp/
株式会社ファンズクリエイション,https://hnavi.co.jp/corporation/6578/,ok,2010年4月16日,"1,000,000円",11名,中村 隆司,沖縄県 那覇市古島2-26-15 津嘉山ビル302,https://funscreation.co.jp/
株式会社エイプリル・データ・デザインズ,https://hnavi.co.jp/corporation/7194/,ok,1992年10月7日,"10,000,000円",7名,濱田功志,東京都 世田谷区代沢２－２８－６,https://aprildd.co.jp/
株式会社クロスゲームズ,https://hnavi.co.jp/corporation/7391/,ok,2006年3月3日,"30,000,000円",100名,亀谷 泰,福岡県 福岡市中央区大名二丁目11番13号 大名偕成ビル5階,https://www.cross-games.jp/
株式会社クリード,https://hnavi.co.jp/corporation/7884/,ok,2007年7月4日,"10,000,000円",20名,片山 真,東京都 港区海岸1丁目11番1号 ニューピア竹芝ノースタワー5階,https://cread.biz/
合同会社TPC,https://hnavi.co.jp/corporation/8236/,ok,2022年5月10日,"10,000円",1名,荻原 佑輔,東京都 渋谷区渋谷2-19-15宮益坂ビルディング609,https://tpc.co.jp/
株式会社グラワーズ,https://hnavi.co.jp/corporation/8449/,ok,2010年10月1日,"3,000,000円",11名,貴嶋孝次,大阪府 大阪市西区京町堀2-6-26-501,https://grawords.jp/
株式会社TBC,https://hnavi.co.jp/corporation/8658/,ok,1982年6月12日,"31,716,000円",317名,碇 淳吉,東京都 中央区日本橋小舟町8-1 ヒューリック小舟町ビル10階,https://www.tbc-inc.co.jp/
株式会社Vieta Jumping,https://hnavi.co.jp/corporation/9461/,ok,2024年3月18日,"1,000,000円",10名,本田雄一郎,東京都 渋谷区代々木2-27-16 ハイシティ代々木307,https://vietajumping.com/
株式会社グロースデザイン,https://hnavi.co.jp/corporation/10173/,ok,2009年1月7日,"10,000,000円",80名,泉慎平,京都府 京都市中京区柳馬場通御池下ル柳八幡町65 京都朝日ビル9階,https://www.growth-d.co.jp/
株式会社Space Dog,https://hnavi.co.jp/corporation/10393/,ok,2024年8月8日,"100,000円",1名,鎌田瑞生,東京都 渋谷区道玄坂１丁目１０番８号渋谷道玄坂東急ビル２ＦーＣ,https://www.spacedog.tokyo/
株式会社 リッチウィン,https://hnavi.co.jp/corporation/10621/,ok,2019年5月10日,"1,000,000円",10名,辻翔太,東京都 中央区銀座1-22-11銀座大竹ビジデンス2F,https://richwin.jp/
プラクス株式会社,https://hnavi.co.jp/corporation/11762/,ok,2017年9月29日,"6,750,000円",3名,坂上博俊,兵庫県 神戸市中央区,https://pracs.co.jp
オドテック株式会社,https://hnavi.co.jp/corporation/12137/,ok,2025年4月7日,"1,000,000円",5名,湊弦樹,北海道 札幌市北区北18条西3丁目1−12 北18条ターミナルハイツ303,https://odotech.jp/
株式会社ロクシアシステムズ,https://hnavi.co.jp/corporation/12224/,ok,2025年2月20日,"3,000,000円",2名,野田 裕佑,福岡県 福岡市中央区天神,https://www.loxsia.com/
株式会社アンド,https://hnavi.co.jp/corporation/13253/,ok,2020年6月5日,"500,000円",4名,小森 純平,大阪府 大阪市中央区南船場4-10-21 日宝エコービル508,https://and-cw.co.jp/
ナレッジビーンズ株式会社,https://hnavi.co.jp/corporation/51/,ok,2001年2月22日,"25,000,000円",100名,河西 賢二,東京都 東京都港区虎ノ門5-11-2 オランダヒルズ森タワー18F,https://www.knowledgebeans.co.jp/index.html
株式会社コアソフト,https://hnavi.co.jp/corporation/656/,ok,2000年12月15日,"22,000,000円",120名,尾崎 亘,広島県 東広島市西条西本町12-28,https://www.coresoft-net.co.jp
株式会社創研,https://hnavi.co.jp/corporation/709/,ok,1978年9月1日,"16,000,000円",10名,山田 佳威,大阪府 大阪市都島区片町２－２－４０大発ビル５１０号室,https://www.signnet.co.jp/
株式会社ジャストワーク,https://hnavi.co.jp/corporation/950/,ok,2005年9月5日,"20,000,000円",80名,福原 和男,東京都 千代田区神田三崎町3丁目6-14 THE GATE 水道橋3階,https://iot-app.dev-jwork.jp/
株式会社アンサー,https://hnavi.co.jp/corporation/1141/,ok,1992年4月13日,"10,000,000円",140名,五十嵐 一郎,東京都 千代田区外神田6-16-9 外神田千代田ビル7F,http://www.answernet.co.jp/
株式会社医療Design Workshop,https://hnavi.co.jp/corporation/1442/,ok,2008年7月7日,,,桑畑 健,,http://jumpstart.co.jp
株式会社アイ・エス・ビー,https://hnavi.co.jp/corporation/1690/,ok,1970年6月4日,"2,361,510,000円",1070名,代表取締役社長 若尾 一史,東京都 港区港南2-16-3 品川グランドセントラルタワー22階,http://www.isb.co.jp
株式会社セブリック,https://hnavi.co.jp/corporation/1711/,ok,2013年9月30日,"3,000,000円",7名,吉川俊和,東京都 新宿区新宿3-4-8 フレンテ新宿三丁目 4F 412,https://seblic.jp
株式会社三和ソリューション,https://hnavi.co.jp/corporation/1736/,ok,1971年11月2日,"10,000,000円",216名,諏訪 高史,,http://www.swsk.co.jp
株式会社デジタルレイ,https://hnavi.co.jp/corporation/1793/,ok,2002年11月18日,"10,000,000円",15名,黒内 晃,愛知県 名古屋市中区栄二丁目11番19号 熊田白川ビル8F,http://www.digitalray.co.jp/
株式会社ファイブ,https://hnavi.co.jp/corporation/1932/,ok,2000年10月20日,"30,000,000円",17名,夏目 勝康,東京都 港区芝1-15-13-5F,https://www.fiv-e.com/
アンドジョーイ株式会社,https://hnavi.co.jp/corporation/2743/,ok,2016年1月25日,"3,000,000円",6名,酒匂 武志,東京都 西東京市南町5-26-18 公文ビル201,https://andjoey.com/
株式会社Smallit,https://hnavi.co.jp/corporation/2804/,ok,2014年4月14日,"20,000,000円",80名,瀬木 暁,愛知県 名古屋市中区錦2-2-2 名古屋丸紅ビル9F,http://www.smallit.co.jp/
株式会社MOJA,https://hnavi.co.jp/corporation/3051/,ok,2020年3月5日,"1,000,000円",14名,CEO 元尾 優,東京都 東京都渋谷区道玄坂１丁目１０番８号渋谷道玄坂東急ビル２Ｆ－Ｃ,https://moja-vn.com/ja/
株式会社シスディブリンク,https://hnavi.co.jp/corporation/3371/,ok,2015年5月5日,"3,500,000円",10名,高橋 基,愛媛県 西条市大町453-7,https://sysdev.link/
GXO株式会社,https://hnavi.co.jp/corporation/3477/,ok,2020年3月4日,"5,550,000円",16名,藤吉 良,東京都 新宿区新宿５丁目１１−３０ 新宿第五葉山ビル 3階,https://gxo.co.jp/
株式会社シンデザイン,https://hnavi.co.jp/corporation/3602/,ok,2019年4月1日,"2,000,000円",5名,小松 真弘,東京都 千代田区外神田4-14-1 秋葉原UDX4F LIFORK・AKIHABARA・R39,https://www.shindesign.co.jp/
株式会社Lisod Japan,https://hnavi.co.jp/corporation/3738/,ok,2019年4月1日,"2,000,000円",50名,ダン・グエン,東京都 〒160-0023 東京都新宿区西新宿5丁目8-2 · 惠徳ビル 611号室,https://lisod.jp/
株式会社サニー情報システム,https://hnavi.co.jp/corporation/4896/,ok,2016年9月13日,"3,100,000円",21名,中根 光章,愛知県 名古屋市中区錦1-7-15 50KT中駒ビル 2階,http://www.snny.co.jp/
株式会社J＆Cカンパニー,https://hnavi.co.jp/corporation/6151/,ok,2015年10月1日,"6,000,000円",20名,大塚浩文,岡山県 岡山市北区磨屋町10-20 磨屋町ビル4階,https://www.jcc-ltd.com/
日本システムランド株式会社,https://hnavi.co.jp/corporation/6175/,ok,1983年5月9日,"80,000,000円",127名,河内 章浩,東京都 中央区八丁堀2-26-9 八丁堀グランデビル,https://www.nsrnet.co.jp/
ECマインド株式会社,https://hnavi.co.jp/corporation/6206/,ok,2007年7月25日,"5,000,000円",5名,高杉 透,東京都 立川市柴崎町3-5-21 井上ビル3-B,https://ec-mind.jp/
株式会社神戸Cafe,https://hnavi.co.jp/corporation/6363/,ok,2007年10月19日,"3,000,000円",5名,松本 真一,兵庫県 神戸市中央区浜辺通4丁目1-23-323,https://www.kobe-cafe.com/
株式会社ジュビロシステム,https://hnavi.co.jp/corporation/6987/,ok,1994年12月21日,"10,000,000円",15名,北村 寿日呂,東京都 渋谷区代々木3-1-11,https://www.jubilo.co.jp/index.html
Younode株式会社,https://hnavi.co.jp/corporation/7141/,ok,2018年9月13日,"1,500,000円",10名,新井 史朗,北海道 札幌市中央区北３条東５丁目５番地 岩佐ビル３階,https://younode.com/ja
株式会社Yakudo,https://hnavi.co.jp/corporation/7733/,ok,2019年8月22日,"3,000,000円",20名,及川 正幸,東京都 渋谷区渋谷3丁目6-20 第5矢木ビル5F,https://yakudoh.com/
株式会社nownext,https://hnavi.co.jp/corporation/8000/,ok,2023年1月6日,"1,000,000円",2名,大平 嶺,東京都 台東区浅草1丁目13-5 39号室,https://now-next.biz
株式会社電脳職人村,https://hnavi.co.jp/corporation/8028/,ok,1999年10月1日,"25,650,000円",150名,米澤浩史,愛知県 名古屋市中区,https://www.omakase.net/
株式会社16bit.,https://hnavi.co.jp/corporation/8043/,ok,2012年6月1日,"1,000,000円",12名,松上元太,東京都 新宿区新宿5-12-15 KATOビル2F,https://16bit.co.jp/
株式会社Dashcomb,https://hnavi.co.jp/corporation/8427/,ok,2022年2月8日,"40,050,000円",5名,小野 邦智,東京都 新宿区百人町3-1-4-2103,https://dashcomb.com/
株式会社RENS,https://hnavi.co.jp/corporation/8530/,ok,2021年11月25日,"3,000,000円",1名,松尾 宗一郎,福岡県 福岡市東区香椎三丁目42番7号,https://rens-f.co.jp/
株式会社ジェイクール,https://hnavi.co.jp/corporation/8917/,ok,2000年12月1日,"10,000,000円",36名,齋藤巧哉,東京都 【東京支店】東京都 渋谷区西原1丁目49-10 シュロス北海5F,https://www.j-cool.co.jp
株式会社テクノパワー,https://hnavi.co.jp/corporation/9390/,ok,1988年6月1日,"10,000,000円",67名,富永 旬一,東京都 千代田区神田三崎町2丁目20番4号 八木ビル501,https://www.technopower.co.jp/
トッパジャパン株式会社,https://hnavi.co.jp/corporation/9771/,ok,2022年9月5日,"10,000,000円",27名,大川吉昭,千葉県 市原市八幡961（市原事務所）,https://toppa-jp.com/
株式会社アクセント,https://hnavi.co.jp/corporation/10016/,ok,2008年10月8日,"8,000,000円",6名,井上 保,熊本県 熊本市熊本市西区城山大塘1丁目11-8,https://www.accent-inc.jp/
RepStyle株式会社,https://hnavi.co.jp/corporation/10620/,ok,2018年10月1日,"1,000,000円",2名,津村豪,京都府 京都市下京区中堂寺南町134番地 京都高度技術研究所8F,https://www.repstyle.co.jp/
株式会社エーシス,https://hnavi.co.jp/corporation/10768/,ok,2001年4月2日,"10,000,000円",7名,阿部 聖,福岡県 北九州市小倉南下城野2-6-17 プレアール下城野201号,http://www.a-sys.biz/
株式会社グレイスノート,https://hnavi.co.jp/corporation/10811/,ok,2018年11月8日,"1,500,000円",10名,中村和正,東京都 渋谷区道玄坂1丁目10番8号 渋谷道玄坂東急ビル2F−C,https://grace-note.co.jp/
ポコポンソフト株式会社,https://hnavi.co.jp/corporation/12225/,ok,2021年11月8日,"1,000,000円",11名,花本 悠貴,広島県 広島市南区宇品神田5-21-14花本ビル,https://pocopon.jp/
ビジョンアレイ株式会社,https://hnavi.co.jp/corporation/12267/,ok,2023年12月7日,"1,000,000円",10名,神野 旬,愛知県 名古屋市中村区名駅1-1-1 JPタワー名古屋21階,https://visionarray.jp/
株式会社キタイステクノロジーズ,https://hnavi.co.jp/corporation/12836/,ok,2023年4月12日,"3,000,000円",11名,菊谷倫子,東京都 中央区日本橋兜町１７番２号 兜町第６葉山ビル４階,https://kitais.jp/
MIREAL株式会社,https://hnavi.co.jp/corporation/13109/,ok,2025年4月28日,"100,000円",3名,加藤駿介,東京都 北区王子本町2-21-4-101,https://mireal.co.jp/
株式会社リッジピース,https://hnavi.co.jp/corporation/13921/,ok,2024年1月23日,"500,000円",5名,松尾卓朗,東京都 東京都 世田谷区北沢2-11-15 ミカン下北 A街区 4F,https://ridgepiece.co.jp/
株式会社MS2,https://hnavi.co.jp/corporation/14959/,ok,2015年5月19日,"5,000,000円",3名,久保年且,東京都 港区赤坂2-10-7 ラフィネ赤坂702,https://ms2move.jp/
株式会社オブジィ,https://hnavi.co.jp/corporation/418/,ok,2003年5月30日,"3,000,000円",20名,伊藤 崇洋,東京都 港区南青山2丁目2番15号,http://www.obssi.com/
ドローフォー株式会社,https://hnavi.co.jp/corporation/512/,ok,2007年4月12日,"3,500,000円",10名,佐藤 孝,東京都 渋谷区代々木3-53-1,http://www.draw4.co.jp
インフォ・ラウンジ株式会社,https://hnavi.co.jp/corporation/824/,ok,2007年7月3日,"5,000,000円",10名,肥田野 正輝,,http://info-lounge.jp/
株式会社インプレス・デジタル・バリューズ,https://hnavi.co.jp/corporation/942/,ok,2000年4月27日,"80,700,000円",10名,江藤 太一,東京都 千代田区神田神保町1-105 神保町三井ビルディング,http://impress-digital-values.co.jp/
株式会社ルビコン,https://hnavi.co.jp/corporation/1687/,ok,2014年9月22日,"500,000円",4名,紺田 悠史,富山県 富山県富山市新富町二丁目5-17 SSビル３F,http://luvicon.net
インフォテック・サービス株式会社,https://hnavi.co.jp/corporation/1716/,ok,1998年9月1日,"30,000,000円",436名,淵澤 和行,東京都 新宿区西新宿,http://www.iftc-svc.co.jp
株式会社ピクシス・テクノロジーズ,https://hnavi.co.jp/corporation/1813/,ok,1990年10月1日,"20,000,000円",75名,西野 彰一,埼玉県 さいたま市大宮区桜木町４－２５２ ユニオンビル２F,http://www.saitama.fujimic.com
TOOL株式会社,https://hnavi.co.jp/corporation/1841/,ok,2002年4月1日,"82,500,000円",40名,安引 広,東京都 目黒区上目黒3-3-14,http://www.tool.co.jp
株式会社インターソフト,https://hnavi.co.jp/corporation/1978/,ok,1997年9月1日,"10,000,000円",12名,飯塚 隆雄,東京都 武蔵野市吉祥寺本町2-4-16 石井ビル3F,https://intersoft.co.jp/
メディアテック株式会社,https://hnavi.co.jp/corporation/2295/,ok,1987年4月1日,"80,000,000円",10名,星野 貴治,東京都 中野区,http://www.media-tek.co.jp/index.html
サンシステム株式会社,https://hnavi.co.jp/corporation/2323/,ok,2015年11月25日,"9,000,000円",4名,林 健司,東京都 杉並区上荻2-35-13,https://www.ss-sunsystem.co.jp/
株式会社モノクス,https://hnavi.co.jp/corporation/2461/,ok,,"10,000,000円",,伊藤 浩泰,東京都 港区南青山5-4-35 青南吉川興産ビル3F,https://monokus.jp/
株式会社エンファクトリー,https://hnavi.co.jp/corporation/3372/,ok,2011年4月1日,"26,900,000円",50名,加藤 健太,東京都 千代田区内神田1-9-13 柿沼ビル4階,https://enfactory.co.jp/
Wur株式会社,https://hnavi.co.jp/corporation/3398/,ok,2019年2月9日,"3,000,000円",21名,閏間 莉央,東京都 中央区新川2-22-1 いちご新川ビル５F,https://wurinc.jp/
株式会社エグゼ,https://hnavi.co.jp/corporation/3519/,ok,1990年1月26日,"10,000,000円",3名,沢田 良伸,愛知県 大府市中央町7-3,http://www.execorp.co.jp/
アイベック合同会社,https://hnavi.co.jp/corporation/3906/,ok,2018年11月1日,"650,000円",5名,田居泰男,滋賀県 草津市若竹町1-31 4F,https://aivec.co.jp/
株式会社RUNSERVER,https://hnavi.co.jp/corporation/3963/,ok,2012年5月21日,"1,000,000円",1名,守屋 誠司,大阪府 大阪市東淀川区下新庄4-3-3,https://www.runserver.jp/
株式会社アープ,https://hnavi.co.jp/corporation/5142/,ok,1995年11月21日,"10,000,000円",65名,阿部 健一郎,東京都 千代田区神田小川町3-8 神田駿河台ビル 6F,https://www.arp-corp.co.jp/
株式会社ハイペリオン,https://hnavi.co.jp/corporation/5274/,ok,2006年5月24日,"10,000,000円",63名,瀬川 英則,東京都 豊島区池袋2-40-12 6F,https://hyperion-cit.jp/
株式会社ブラヴィッシモ,https://hnavi.co.jp/corporation/5542/,ok,2004年9月1日,"60,000,000円",50名,加藤大和,東京都 品川区大崎1丁目11-2 ゲートシティ大崎イーストタワー22F,https://www.bravi.co.jp/
株式会社ブリスウェル,https://hnavi.co.jp/corporation/5557/,ok,2008年1月1日,"7,000,000円",20名,山口 潔,東京都 港区芝大門1-4-14芝栄太楼ビル2F,https://www.briswell.com/
株式会社ラディアント・ソリューションズ,https://hnavi.co.jp/corporation/6014/,ok,2000年9月1日,"30,000,000円",120名,山本 惠祥,東京都 東京都千代田区神田司町2-8-3 第25中央ビル6階,https://radiant-sol.co.jp/
株式会社プレイテクノロジー,https://hnavi.co.jp/corporation/6296/,ok,2014年5月22日,"3,000,000円",3名,小林 卓之,東京都 渋谷区神宮前6-23-4-2F,https://playtechnology.jp/
株式会社ユーアンドミー,https://hnavi.co.jp/corporation/6504/,ok,2022年10月5日,"1,000,000円",3名,竹内 勇樹,愛知県 名古屋市西区香吞町１丁目４５番地の３,https://youandme-link.jp/
株式会社アズマ,https://hnavi.co.jp/corporation/7056/,ok,2020年7月1日,"10,000,000円",36名,丸山 明義,奈良県 生駒郡三郷町立野南2丁目9番20号,http://www.azumagrp.co.jp/
株式会社straight,https://hnavi.co.jp/corporation/7177/,ok,2022年8月12日,"4,600,000円",11名,白石篤司,福岡県 福岡市中央区天神4-6-28天神ファーストビル7階,https://straight.systems/
株式会社アベリオシステムズ,https://hnavi.co.jp/corporation/7468/,ok,1999年10月6日,"30,000,000円",55名,蒲池 邦康,東京都 品川区西五反田8丁目3－16,https://www.avelio.co.jp/
Leapcom株式会社,https://hnavi.co.jp/corporation/7506/,ok,2011年10月5日,"3,000,000円",4名,大串 幸彦,東京都 多摩市鶴牧1-1-14-501,http://www.leapcom.co.jp/
株式会社mutes,https://hnavi.co.jp/corporation/7558/,ok,2022年5月10日,"5,000,000円",10名,中久木八幡太郎,東京都 渋谷区神宮前6-23-4 2F,https://mutes.co.jp/
株式会社リアルインベント,https://hnavi.co.jp/corporation/7679/,ok,2014年6月5日,"10,000,000円",36名,村岡 佑紀,東京都 荒川区東日暮里5-48-2 第一ビル9F,https://realinvent.co.jp/
株式会社tenkai,https://hnavi.co.jp/corporation/7761/,ok,2014年3月19日,"1,000,000円",5名,白井美樹,東京都 台東区浅草橋5-2-3鈴和ビル2F,https://www.10-kai.jp/
株式会社リンクテック,https://hnavi.co.jp/corporation/8002/,ok,2017年3月1日,"15,000,000円",20名,佐々木毅,東京都 台東区北上野1-8-5 ビリーフ上野7F,https://linktech.co.jp/
REXTAR株式会社,https://hnavi.co.jp/corporation/8013/,ok,2023年1月18日,"1,000,000円",10名,王城 星海｜Oushiro Shinkai,東京都 渋谷区道玄坂1丁目10番8号渋谷道玄坂東急ビル2F−C,https://rextar.jp/
株式会社パートナーズ（旧25）,https://hnavi.co.jp/corporation/8594/,ok,2012年11月1日,"30,000,000円",450名,鹿間 靖博,東京都 千代田区丸の内１丁目９番２号 グラントウキョウ サウスタワー15F,https://www.it-solutions-partners-tokai.com/
株式会社WEST ORANGE,https://hnavi.co.jp/corporation/8670/,ok,2022年12月22日,"1,000,000円",7名,菅生裕貴,東京都 渋谷区道玄坂１丁目１０番８号渋谷道玄坂東急ビル２Ｆ－Ｃ,https://www.west-orange.co.jp/
株式会社Campus Blend,https://hnavi.co.jp/corporation/8716/,ok,2023年7月14日,"1,000,000円",5名,吉田 優太,東京都 新宿区西早稲田3-5-2星マンション501号室,https://www.campusblend.co.jp/
株式会社リレーションズ,https://hnavi.co.jp/corporation/9138/,ok,2016年4月5日,"5,000,000円",17名,松村篤樹,東京都 港区赤坂2-14-11 天翔赤坂ビル201,https://relations.ne.jp/
株式会社雲海設計,https://hnavi.co.jp/corporation/9225/,ok,2024年4月3日,"5,000,000円",54名,山科優希,東京都 新宿区新宿5丁目1ｰ1,https://site.unkaisekkei.com/
株式会社PRstore,https://hnavi.co.jp/corporation/9441/,ok,2021年11月10日,"5,000,000円",2名,杉林 諭,北海道 札幌市白石区菊水元町6条1丁目7-28 6号室,https://prstore.co.jp/
株式会社ウィーモット,https://hnavi.co.jp/corporation/9543/,ok,2023年6月16日,"500,000円",2名,後藤昭子,東京都 品川区北品川5-8-27-301,https://www.wemot.net/
株式会社エドノワ,https://hnavi.co.jp/corporation/11048/,ok,2018年6月1日,"10,000,000円",18名,横手 敏之,東京都 台東区台東4-24-7 オノビル5階,https://www.edonowa.jp/
株式会社バルジン,https://hnavi.co.jp/corporation/11130/,ok,2020年2月10日,"1,000,000円",20名,田原 章太郎,東京都 港区港南2-15-4 品川インターシティA棟28階,https://balzin.co.jp/
株式会社グローディング,https://hnavi.co.jp/corporation/11371/,ok,2013年10月1日,"10,000,000円",25名,武藤樹一郎,東京都 渋谷区道玄坂1-12-1 渋谷マークシティW22階,https://gloding.com/
株式会社コスモ・インテリジェンス,https://hnavi.co.jp/corporation/11372/,ok,2006年11月1日,"10,000,000円",54名,横野 克典,東京都 立川市曙町2-32-1 La鳳山ビル 4F,https://www.cosmo-intelligence.com/
株式会社TSSソフトウェア,https://hnavi.co.jp/corporation/11383/,ok,1989年8月10日,"20,000,000円",81名,稲垣 宏,広島県 広島市南区出汐２丁目３番１８号テレビ新広島別館２階,https://www.tss-sw.co.jp/
株式会社スマートコンテンツ,https://hnavi.co.jp/corporation/11411/,ok,2015年3月2日,"20,000,000円",31名,鈴木琢磨,東京都 新宿区新小川町6-36 S&Sビルディング2F,https://smartcontents.co.jp/
株式会社acct,https://hnavi.co.jp/corporation/11586/,ok,2020年3月6日,"3,000,000円",10名,江川 勝日,愛知県 名古屋市中村区太閤通り9-9 2F,https://acct-inc.com/
株式会社マイチーム,https://hnavi.co.jp/corporation/11593/,ok,2024年8月1日,"2,000,000円",7名,祁全羽,東京都 豊島区高松二丁目１４番２９号ー１０,https://mai.team/
株式会社デンサン,https://hnavi.co.jp/corporation/11625/,ok,1984年4月18日,"10,000,000円",66名,森 淳一,茨城県 土浦市港町二丁目2番10号,https://www.den3.co.jp/
株式会社kotatsu,https://hnavi.co.jp/corporation/12195/,ok,2018年6月22日,"1,000,000円",24名,樋口収一,東京都 府中市府中町2-9-1-310,https://ko-tatsu.jp/
株式会社カラーチップス,https://hnavi.co.jp/corporation/12358/,ok,2005年8月15日,"1,000,000円",26名,大林 直樹,東京都 千代田区岩本町2-6-12 曙ビル3F,https://www.colorchips.co.jp/
合同会社元就,https://hnavi.co.jp/corporation/12450/,ok,2023年6月5日,"2,000,000円",1名,毛利直史,栃木県 日光市久次良町242番地,https://motonari.biz/
株式会社ノイ,https://hnavi.co.jp/corporation/12949/,ok,2001年9月1日,"10,000,000円",42名,町中修一,大阪府 大阪市都島区東野田町1-7-4 脇田京橋第2ビル 2F,https://www.n-e-u.co.jp/
グース株式会社,https://hnavi.co.jp/corporation/13056/,ok,2006年2月2日,"10,000,000円",4名,南雲 亮,東京都 千代田区神田神保町２－１４－１１－９０１,https://goos.co.jp
株式会社インク,https://hnavi.co.jp/corporation/14079/,ok,2014年6月25日,"100,000円",5名,越智一敦,東京都 港区浜松町2-2-15 浜松町ダイヤビル2F,https://iink.jp/
合同会社カゾシステム,https://hnavi.co.jp/corporation/14948/,ok,2024年5月28日,"110,000円",2名,赤荻健二,埼玉県 加須市,https://kazosys.jp/
株式会社ギガ,https://hnavi.co.jp/corporation/1165/,ok,1974年9月9日,"99,000,000円",162名,鈴木 栄朗,東京都 世田谷区三軒茶屋2-11-26 コア第2ビル9F,http://www.giga.core.co.jp/
アクセルユニバース株式会社,https://hnavi.co.jp/corporation/1570/,ok,2012年2月1日,"48,500,000円",50名,山根 太郎,東京都 渋谷区渋谷3-6-6 渋谷パークビル2F,https://www.acceluniverse.com/
株式会社アクティブフュージョンズ,https://hnavi.co.jp/corporation/1619/,ok,2001年10月9日,"10,000,000円",35名,山元 北斗,東京都 港区港南2-16-1 品川イーストワンタワー 7F,http://www.activefusions.com/
KAGURA株式会社,https://hnavi.co.jp/corporation/1721/,ok,2015年6月15日,"3,000,000円",1名,神野憲明,東京都 渋谷区渋谷３－６－４－９０６,http://kagura.co
株式会社SYNC,https://hnavi.co.jp/corporation/1805/,ok,2006年3月15日,"2,000,000円",25名,伊藤 慎一郎,東京都 港区浜松町1-22-1 fftビル7F,http://www.sync-web.jp
株式会社カサレアル,https://hnavi.co.jp/corporation/1827/,ok,1999年7月2日,"50,000,000円",101名,窪 伸一郎,東京都 港区港南一丁目2番70号 品川シーズンテラス 24階,https://www.casareal.co.jp
株式会社キャッツ,https://hnavi.co.jp/corporation/1837/,ok,,"28,000,000円",53名,宮崎 智博,,http://www.cats-net.co.jp
プレイネクストラボ株式会社,https://hnavi.co.jp/corporation/2203/,ok,2016年1月1日,"70,000,000円",70名,柏 匠,東京都 品川区上大崎2-15-19MG目黒駅前ビル308,https://www.playnext-lab.co.jp/
株式会社礎デザインオートメーション,https://hnavi.co.jp/corporation/2549/,ok,2003年4月25日,"33,000,000円",6名,嶋崎 等,東京都 新宿区新宿４丁目３番１５号レイフラット新宿B棟 THE HUB 新宿 ３F,http://ishizue-da.co.jp/
CRESS INFO 株式会社,https://hnavi.co.jp/corporation/2910/,ok,2002年1月1日,"50,000,000円",190名,齊藤 茂,東京都 千代田区神田紺屋町17番地 ONEST神田スクエア5F,https://www.cress-i.com/#
バルテス・イノベーションズ株式会社,https://hnavi.co.jp/corporation/3136/,ok,2012年10月17日,"50,000,000円",60名,外山 勝利,大阪府 大阪市西区阿波座1-3-15 関電不動産西本町ビル8F,https://www.valtes-innovations.co.jp/
株式会社Internnect,https://hnavi.co.jp/corporation/3144/,ok,2016年12月12日,"1,000,000円",10名,岡本 龍一,千葉県 市原市辰巳台東3-20-4,https://internnect.co.jp/
ホンダロジコム株式会社,https://hnavi.co.jp/corporation/3231/,ok,1963年12月1日,"45,000,000円",1664名,本多 敦,愛知県 春日井市八田町5丁目16番6,http://honda-logi.com/
Regit株式会社,https://hnavi.co.jp/corporation/3472/,ok,2022年4月20日,"5,000,000円",50名,高木 慎太郎,東京都 東京都江戸川区一之江7-37-22 GRAND HIGHRISE 901,https://regit-technology.com/
日本システム技術株式会社,https://hnavi.co.jp/corporation/4881/,ok,1973年3月26日,"1,534,500,000円",1202名,平林 卓,大阪府 大阪市北区中之島二丁目3番18号（中之島フェスティバルタワー29),https://www.jast.jp/
アヴァント株式会社,https://hnavi.co.jp/corporation/4960/,ok,2011年8月11日,"100,000,000円",256名,鈴木 将親,東京都 中野区本町4-46-9 オーチュー第6ビル5階,https://avant-sl.com/
TTMジャパン株式会社,https://hnavi.co.jp/corporation/5358/,ok,2019年3月13日,"5,000,000円",4名,井野敏明,東京都 中央区銀座8丁目18番3号 銀座加藤ビル2階,https://assi-stone.biz/
株式会社サンウェル,https://hnavi.co.jp/corporation/5993/,ok,1995年10月5日,"80,000,000円",270名,知地 詠子,東京都 渋谷区初台一丁目４７－３ 小田急初台ビル,https://www.sw-net.co.jp/
miracleave株式会社,https://hnavi.co.jp/corporation/6196/,ok,2016年8月19日,"10,000,000円",60名,松本 昌大,東京都 中央区日本橋富沢町7-1 ザ・パークレックス人形町4F,https://www.miracleave.co.jp/
スペース・アイ株式会社,https://hnavi.co.jp/corporation/6207/,ok,2015年6月1日,"10,000,000円",8名,吉川 辰雄,愛知県 名古屋市熱田区新尾頭3-4-45 第二林ビル4F,https://www.space-i.com/
株式会社マクスマラシステムズ,https://hnavi.co.jp/corporation/6572/,ok,1997年6月19日,"22,500,000円",5名,成田繁壮,東京都 豊島区要町3－16－4,https://www.maxmalla.com/
株式会社くじらシステム開発,https://hnavi.co.jp/corporation/6640/,ok,2002年9月17日,"4,000,000円",6名,池村健一,福岡県 福岡市博多区博多駅南2-1-5,http://www.kuzilla.co.jp
株式会社アルファシステムズ,https://hnavi.co.jp/corporation/6683/,ok,1972年10月11日,"8,500,550,000円",3000名,竹原 政義,神奈川県 川崎市中原区上小田中6丁目6番1号,https://www.alpha.co.jp/
KOKUA株式会社,https://hnavi.co.jp/corporation/6709/,ok,2022年3月14日,"100,000円",20名,犬塚 晶貴,愛知県 名古屋市,https://kokua.surf
リンクタイズデジタル株式会社,https://hnavi.co.jp/corporation/6898/,ok,2010年3月11日,"1,200円",105名,吉川篤,東京都 港区東麻布1-9-15 東麻布一丁目ビル2F,https://linkties-digital.com/
株式会社アイ・エス・アイソフトウェアー,https://hnavi.co.jp/corporation/7001/,ok,1983年7月14日,"36,000,000円",130名,前田 丈彰,大阪府 大阪市中央区久太郎町4-1-3 大阪センタービル13F,https://www.isi-grp.co.jp/
株式会社デザインワン・ジャパン,https://hnavi.co.jp/corporation/7536/,ok,2005年9月13日,"648,967,000円",176名,高畠 靖雄,東京都 新宿区西新宿7-5-25 西新宿プライムスクエア8F,https://offshore.designone.jp/
きむきむと合同会社,https://hnavi.co.jp/corporation/7788/,ok,2023年5月2日,"3,000,000円",20名,木村昌嗣,東京都 世田谷区中町4-4-16,https://kimkim502.com/
TriPlayZ Technology Solutions,https://hnavi.co.jp/corporation/8174/,ok,2023年8月16日,"8,400,000円",20名,Ngoc Nguyen,"海外 3 Le Van Huu Street, Pham Dinh Ho, Hai Ba Trung, Hanoi, Vietnam",https://triplayz.com/ja
株式会社ZIRAKU,https://hnavi.co.jp/corporation/8189/,ok,2023年3月2日,"3,000,000円",2名,難波 謙介,東京都 台東区元浅草1-4-11-1304,https://www.ziraku.co.jp/
株式会社チェリービー,https://hnavi.co.jp/corporation/8403/,ok,2008年12月1日,"10,000,000円",7名,山口 正人,埼玉県 さいたま市浦和区仲町1-3-9レインボービル302,https://cherrybee.tv/
虫カゴデザインスタジオ株式会社,https://hnavi.co.jp/corporation/8418/,ok,2007年7月1日,"2,000,000円",5名,白石哲也,東京都 武蔵野市吉祥寺本町3-22-16-108,https://mushikago.co.jp/
株式会社ドクブラウン,https://hnavi.co.jp/corporation/8679/,ok,2019年10月21日,"1,000,000円",3名,島元弘樹,大阪府 寝屋川市木田元宮2-9-8,https://docbrown.co.jp/
株式会社SiXS,https://hnavi.co.jp/corporation/8780/,ok,2023年2月1日,"300,000円",10名,三原太郎,東京都 文京区小石川1-28-3 エヌアイエス小石川ビル,https://sixs.co.jp/
スコアルック株式会社,https://hnavi.co.jp/corporation/8922/,ok,2021年6月24日,"1,000,000円",11名,岡本 優,高知県 土佐市高岡町丙28,https://scorelook.com/
株式会社Ritaiz,https://hnavi.co.jp/corporation/8965/,ok,2023年6月23日,"500,000円",1名,松井元輝,千葉県 柏市若柴178-4 柏の葉キャンパス148街区2 ショップ&オフィス棟 6階,https://ritaiz.com/
株式会社グラフィカ,https://hnavi.co.jp/corporation/9337/,ok,2023年7月3日,"1,000,000円",4名,永田義郎,東京都 渋谷区渋谷2-19-15宮益坂ビルディング609,https://grphca.jp/
株式会社サンディコム,https://hnavi.co.jp/corporation/9617/,ok,2020年8月6日,"300,000円",1名,-,東京都 豊島区東池袋1丁目34番5号 いちご東池袋ビル6階 アントレサロン,http://sandycom.jp/
株式会社クバッセ,https://hnavi.co.jp/corporation/9627/,ok,2022年2月22日,"222,222円",5名,川村 進太郎,東京都 港区南青山２－２,https://kubasse.jp/
株式会社アウトバーン,https://hnavi.co.jp/corporation/9721/,ok,2023年11月10日,"1,000,000円",30名,森山広大,東京都 中央区銀座一丁目２２番１１号銀座大竹ビジデンス２F,https://autobahn.education/
Organon株式会社,https://hnavi.co.jp/corporation/9836/,ok,2023年10月20日,"8,000,000円",5名,總山 雄一,東京都 渋谷区円山町12-2 ライオンズマンション渋谷109,https://organon-inc.com/
株式会社algeak,https://hnavi.co.jp/corporation/9888/,ok,2019年4月26日,"3,000,000円",4名,藤井 聰勇,東京都 品川区西五反田1丁目26番2号 五反田サンハイツ 911,https://algeak.com/
株式会社ハシタス,https://hnavi.co.jp/corporation/10072/,ok,2022年1月22日,"1,000,000円",10名,大橋弘伸,神奈川県 茅ヶ崎市松が丘2丁目13-54 松明ビル2F,https://hashitas.com/
ピックルメディアクリエイション株式会社,https://hnavi.co.jp/corporation/10104/,ok,2024年2月28日,"5,000,000円",8名,代表取締役 土田祐資,東京都 渋谷区代々木1-30-3 メイプル代々木4階,https://pikul-mc.jp/
株式会社トライセクトデザイン,https://hnavi.co.jp/corporation/10236/,ok,2021年11月17日,"500,000円",7名,小林大輔,東京都 品川区東品川4-12-8 品川シーサイドイーストタワー15F,https://trisect-design.com/
ポータルシステム株式会社,https://hnavi.co.jp/corporation/10268/,ok,2002年1月22日,"10,000,000円",7名,今橋洋文,東京都 品川区南品川2-4-5 NA-BLDG8階,https://por.co.jp/
株式会社エレクトロドリーム,https://hnavi.co.jp/corporation/10388/,ok,2001年7月16日,"10,000,000円",10名,務台祐太郎,東京都 江東区扇橋2ｰ9ｰ10-102,https://electrodream.co.jp/
株式会社LASSIC,https://hnavi.co.jp/corporation/10807/,ok,2006年12月26日,"99,680,000円",299名,若山 幸司,東京都 港区高輪1-3-13 NBF高輪ビル 6F,https://www.lassic.co.jp/
株式会社QuestBoard,https://hnavi.co.jp/corporation/10885/,ok,2021年1月4日,"10,000,000円",21名,濱田淳,東京都 中央区晴海3-13-1 E4508,https://corp.questboard.world/
株式会社エクリス,https://hnavi.co.jp/corporation/10942/,ok,2006年1月25日,"3,000,000円",10名,尾居土誠,東京都 港区東麻布一丁目9-16号 8階,https://eclise.jp/
株式会社アビックシステム,https://hnavi.co.jp/corporation/10953/,ok,2001年9月1日,"30,000,000円",47名,佐々木 和洋,東京都 千代田区富士見2丁目7番2号 ステージビルディング4階,https://www.abcs.co.jp/
株式会社システム総合研究所,https://hnavi.co.jp/corporation/11439/,ok,1981年1月12日,"10,000,000円",60名,石部裕史,東京都 杉並区阿佐谷南３丁目１−２３ 第五進和ビル,https://www.srinet.co.jp/
株式会社セルティア,https://hnavi.co.jp/corporation/11490/,ok,2019年8月30日,"5,000,000円",9名,梶原信次,東京都 渋谷区代官山町17-1 代官山アドレスザ・タワー1907,https://celtia.in/
株式会社ビジネスコンピュータ,https://hnavi.co.jp/corporation/11604/,ok,1987年4月6日,"10,000,000円",40名,栗山和博,千葉県 木更津市大和3－4－3 グランポート木更津4F,https://www.believe.co.jp/
ホワイトナイツ株式会社,https://hnavi.co.jp/corporation/11747/,ok,2025年2月5日,"5,000,000円",5名,早川 邦雄,埼玉県 川越市脇田本町15-17 シンカエンビル 2階,https://white-knights.com/
株式会社エヌ・ディ・アール,https://hnavi.co.jp/corporation/11767/,ok,1984年12月1日,"65,000,000円",70名,永原 隆嗣,大阪府 大阪市西区阿波座 2-1-1 CAMCO西本町ビル 2F,https://ndr.co.jp/
株式会社CREAMU,https://hnavi.co.jp/corporation/12150/,ok,2010年5月10日,"10,000,000円",3名,川下城誉,東京都 渋谷区恵比寿西2-8-4 EX恵比寿西ビル5F,https://www.creamu.co.jp/
プロベクタ株式会社,https://hnavi.co.jp/corporation/12159/,ok,2023年10月1日,"1,000,000円",1名,鈴木久康,大阪府 大阪市淀川区三津屋南3-2-25,https://provecta.co.jp/
シンクドット株式会社,https://hnavi.co.jp/corporation/12226/,ok,2009年8月1日,"1,000,000円",12名,北野 明人,大阪府 大阪市中央区南久宝寺町4-5-7 本町I.B.Cビル4F,https://www.synk-dot.jp/
株式会社AndGo,https://hnavi.co.jp/corporation/12342/,ok,2017年4月18日,"25,480,000円",8名,原 利英,東京都 台東区上野三丁目１４ー２,https://andgo.co.jp/
株式会社ビッグジュン,https://hnavi.co.jp/corporation/12917/,ok,2025年7月22日,"4,400,000円",10名,大塚純平,神奈川県 横浜市中区宮川町2-47大貫ビル303号,https://big-jun-0917.com/
株式会社大塚商会,https://hnavi.co.jp/corporation/13082/,ok,1961年12月13日,"10,374,000,000円",7949名,大塚 裕司,東京都 東京都千代田区飯田橋2-18-4,https://www.otsuka-shokai.co.jp/
株式会社プレタク,https://hnavi.co.jp/corporation/13180/,ok,2016年7月4日,"1,000,000円",2名,落合吾一,京都府 京都市左京区福本町４２３ アクエルド仁王門５０５,https://pretacou.jp/
株式会社DEGINA,https://hnavi.co.jp/corporation/13181/,ok,2015年2月12日,"10,000,000円",35名,林 倫弘,愛知県 名古屋市中区栄二丁目3番16号 アーク栄広小路ビル6F,https://degina.jp/
株式会社KTPartners,https://hnavi.co.jp/corporation/13426/,ok,2024年1月4日,"5,500,000円",40名,土屋繼,東京都 東京都港区虎ノ門3丁目7-5 虎ノ門Roots21ビル9階,https://ktpartners.co.jp/
株式会社WAVEE,https://hnavi.co.jp/corporation/13469/,ok,2024年6月11日,"10,000,000円",20名,早川 裕太,東京都 千代田区神田多町２丁目1−２３ 神田東山ビル 7F,https://wavee.world/
株式会社property technologies,https://hnavi.co.jp/corporation/13727/,ok,2020年11月1日,"307,903,950円",340名,濱中 雄大,東京都 東京都渋谷区本町三丁目12番1号,https://pptc.co.jp/
グラップサイド合同会社,https://hnavi.co.jp/corporation/13895/,ok,2017年3月7日,"2,000,000円",10名,三鍋好輝,東京都 豊島区巣鴨１丁目２７−１ 日東ビル 4B,https://grupside.com/
IECS株式会社,https://hnavi.co.jp/corporation/13935/,ok,2025年4月16日,"1,000,000円",2名,鈴木裕太,愛知県 名古屋市東区葵2丁目3-54,https://www.iecs-inc.co.jp/
株式会社アルフォ,https://hnavi.co.jp/corporation/14272/,ok,2012年5月1日,"10,000,000円",7名,稲見 宏之,栃木県 宇都宮市戸祭町2638-12,https://tech.alfo.jp/
UNIKAIHATSU SOFTWARE PRIVATE LIMITED,https://hnavi.co.jp/corporation/365/,ok,2003年2月5日,"16,500,000円",100名,アミット・アッシャ,東京都 江東区亀戸6-55-19ルミエールビル7F,https://www.usindia.com/index.php/ja/
株式会社イデアライブ,https://hnavi.co.jp/corporation/534/,ok,2010年2月18日,"1,000,000円",30名,松嶋 隆士,大阪府 大阪市天王寺区上本町5-2-11 上六新興産ビル602,https://idealive.jp/
ダイレクト・コンサルティング株式会社,https://hnavi.co.jp/corporation/583/,ok,1999年5月31日,"10,000,000円",30名,根本 幹哉,東京都 台東区上野3-2-2 アイオス秋葉原ビル4F,
有限会社ニジイロ,https://hnavi.co.jp/corporation/895/,ok,2006年1月16日,"5,000,000円",,柴田 正勝,,http://www.nijiiro.jp/
株式会社キャパ,https://hnavi.co.jp/corporation/1355/,ok,1982年10月1日,"100,000,000円",76名,吉良平四郎,東京都 千代田区神田岩本町1-14 KDX秋葉原ビル 2F,https://www.capa.co.jp/
株式会社リック,https://hnavi.co.jp/corporation/1440/,ok,2009年11月4日,"2,500,000円",15名,森山 一郎,東京都 千代田区鍛冶町2-7-5 日宝神田イースト6F,http://www.life-innovation.com
株式会社テレマ,https://hnavi.co.jp/corporation/1522/,ok,2011年8月1日,"10,000,000円",47名,三輪 剛,千葉県 千葉市中央区新宿２−７−１０エレル新宿ビル４F,http://www.telema.co.jp
株式会社リエゾン,https://hnavi.co.jp/corporation/1553/,ok,2011年7月6日,"1,000,000円",,山内 美佐,,http://www.kk-liaison.co.jp
株式会社ソフテックス,https://hnavi.co.jp/corporation/1605/,ok,1991年4月17日,"20,000,000円",101名,喜島 幸博,,http://www.softex.co.jp
株式会社セットアップ,https://hnavi.co.jp/corporation/1649/,ok,1990年3月12日,"10,000,000円",10名,CEO 魚田 雅靖,東京都 港区海岸1-2-20 汐留ビルディング3F,http://www.set-up.co.jp/
株式会社シーボックス,https://hnavi.co.jp/corporation/1737/,ok,,"15,000,000円",25名,徳永典久,,http://www.cbox.co.jp
株式会社G.FLEX,https://hnavi.co.jp/corporation/1776/,ok,,"92,700,000円",,藤川英士,,https://www.neu.co.jp
株式会社ピーソリッド,https://hnavi.co.jp/corporation/1786/,ok,2009年4月22日,"3,000,000円",10名,高橋英貴,東京都 新宿区高田馬場一丁目6番16号,http://www.p-solid.co.jp/
株式会社杉並情報システムズ,https://hnavi.co.jp/corporation/1818/,ok,2006年11月22日,"3,000,000円",10名,樋口正篤,東京都 杉並区高円寺,http://suginami-systems.co.jp
株式会社だいずらぼ,https://hnavi.co.jp/corporation/2000/,ok,2008年8月27日,"3,800,000円",3名,脇本 宜哉,兵庫県 神戸市中央区元町通4-6-21,https://www.daizu-lab.jp/
ワンダフルフライ株式会社,https://hnavi.co.jp/corporation/2205/,ok,2003年7月25日,"60,000,000円",,平田 雅子,,http://www.wonderfulfly.com
東京計器インフォメーションシステム株式会社,https://hnavi.co.jp/corporation/2326/,ok,1971年2月12日,"50,000,000円",50名,牧之内 俊英,東京都 東京都大田区南蒲田2-16-46,http://www.tokyo-keiki.co.jp/tis/
明電システムソリューション株式会社,https://hnavi.co.jp/corporation/2329/,ok,1987年7月1日,"50,000,000円",472名,吉野 康裕,東京都 品川区大崎2-8-1,https://www.meidensha.co.jp/mss/
株式会社ブリエ,https://hnavi.co.jp/corporation/2710/,ok,2017年3月13日,"2,000,000円",5名,神保 和匡,宮城県 柴田郡柴田町船岡中央3丁目1番2号,https://briller-inc.co.jp/
TMCシステム株式会社,https://hnavi.co.jp/corporation/2939/,ok,1960年10月1日,"50,000,000円",140名,松本勇介,神奈川県 川崎市幸区中幸町3-28-2,https://www.tmcdigital.jp/
株式会社Tech Link,https://hnavi.co.jp/corporation/3012/,ok,2019年8月23日,"1,000,000円",11名,中村 優志,大阪府 大阪市北区堂島浜2丁目2-28 堂島アクシスビル4F,https://tech-link-it.com/
株式会社Act-Self,https://hnavi.co.jp/corporation/3021/,ok,2013年2月27日,"10,000,000円",10名,加藤 竜彦,東京都 小金井市中町４−１−８,http://act-self.com/
システムズ・デザイン株式会社,https://hnavi.co.jp/corporation/3043/,ok,1967年3月24日,"333,906,000円",366名,隈元 裕,東京都 新宿区西新宿2-1-1,https://www.sdcj.co.jp/
ワールドビジネスセンター株式会社,https://hnavi.co.jp/corporation/3045/,ok,1966年7月26日,"100,000,000円",626名,萩原 秀樹,京都府 京都市南区西九条東御幸田町25番2,https://www.wbc.co.jp/
株式会社ユーネット,https://hnavi.co.jp/corporation/3082/,ok,1994年9月1日,"10,000,000円",70名,丸尾 厚彦,東京都 墨田区両国4-37-6 スゴーアネックスビル,https://ynet-inc.com/
株式会社IT経営総合研究所,https://hnavi.co.jp/corporation/3155/,ok,2017年4月12日,"7,500,000円",15名,吉田 成一,東京都 千代田区,http://imri.solutions/
株式会社ゼロワン,https://hnavi.co.jp/corporation/3190/,ok,2015年10月15日,"100,000,000円",30名,一岡 亮大,東京都 渋谷区千駄ヶ谷3-38-14 STANTION Kitasando 7階,https://founder-z.com/
株式会社アヴァンザ,https://hnavi.co.jp/corporation/3330/,ok,1991年10月5日,"60,000,000円",225名,吉川 雅之,東京都 渋谷区渋谷3-10-13 TOKYU REIT 渋谷Rビル6F,https://www.avnz.co.jp/
株式会社カスガ堂,https://hnavi.co.jp/corporation/3403/,ok,1995年4月17日,"10,000,000円",32名,廣島 純,東京都 港区新橋5-22-6,https://www.kasugado.co.jp/
株式会社てきだんサービス,https://hnavi.co.jp/corporation/3422/,ok,2019年1月11日,"1,000,000円",10名,徳本 照矢,東京都 東京都台東区浅草橋2-24-9 4F,https://tekidan.com/
株式会社コスモ・コンピューティングシステム,https://hnavi.co.jp/corporation/3431/,ok,1986年10月1日,"50,000,000円",110名,小笠原 乾,東京都 東京都港区港南1-6-34 品川イースト6階,https://cosmocomputing.co.jp/
株式会社コトフレ,https://hnavi.co.jp/corporation/3435/,ok,2020年3月23日,"5,000,000円",10名,磯俣 豪志,大阪府 天王寺区上本町８丁目７−１０エリトービル4階,https://cotofre.co.jp/
株式会社ティーワイシー,https://hnavi.co.jp/corporation/3455/,ok,2000年3月1日,"4,500,000円",9名,島田 圭二,東京都 千代田区岩本町2丁目13-6 ミツボシビル504号室,https://www.tyc.co.jp/
株式会社GVI,https://hnavi.co.jp/corporation/3528/,ok,2018年1月15日,"1,500,000円",15名,伊藤 康幸,北海道 北海道札幌市白石区東札幌５条１丁目１番１号2FE号室,https://gvi.co.jp/
株式会社キャナリーリサーチ,https://hnavi.co.jp/corporation/3556/,ok,1984年8月15日,"30,000,000円",7名,鹿野 芳之,東京都 渋谷区神泉町23-6,https://canaly.co.jp/
株式会社SPIKE Technology,https://hnavi.co.jp/corporation/3591/,ok,2018年2月1日,"6,660,000円",3名,伴 幸祐,東京都 東京都渋谷区桜丘町４―１７,https://entertechlab.jp/
恵比寿システム株式会社,https://hnavi.co.jp/corporation/3618/,ok,1994年8月1日,"10,000,000円",8名,千葉 兼久,北海道 札幌市中央区南1条東2丁目3-1 NKCビル2F,http://ebisu-system.co.jp/
株式会社シーメイプル,https://hnavi.co.jp/corporation/3662/,ok,2016年10月18日,"30,000,000円",50名,金 海楓,東京都 中央区八丁堀4-11-7 アライビルディング５階,http://www.seamaple.co.jp/
株式会社ネクスタ,https://hnavi.co.jp/corporation/3895/,ok,2017年4月20日,"14,500,000円",100名,永原 宏紀,大阪府 大阪市北区芝田1丁目1-4 阪急ターミナルビル12F,https://smartf-nexta.com/
Convergence Lab.株式会社,https://hnavi.co.jp/corporation/3897/,ok,2020年5月26日,"4,000,000円",0名,木村 優志,東京都 中央区日本橋室町１−１１−１２日本橋水野ビル７F,https://www.convergence-lab.com/
株式会社Electoria,https://hnavi.co.jp/corporation/3902/,ok,2021年4月1日,"1,000,000円",10名,中村倫紀,東京都 小金井市本町3-1-17,https://electoria.jp/
株式会社GEM JPN,https://hnavi.co.jp/corporation/4098/,ok,2014年9月8日,"4,000,000円",450名,岩崎 英俊,東京都 千代田区平河町1丁目３番7号ARISTO 平河町6階,https://gem-corp.tech/
ドリームビジョン株式会社,https://hnavi.co.jp/corporation/4457/,ok,2008年6月10日,"90,000,000円",100名,代表取締役会長 前田 俊樹,東京都 中央区日本橋小伝馬町9-10 小伝馬町ビル5階,http://www.dream-v.co.jp/
株式会社アルコン,https://hnavi.co.jp/corporation/4769/,ok,1990年8月8日,"20,000,000円",124名,藤田淳,新潟県 新潟市中央区天神１丁目１３－５,https://alcom.co.jp/
デフィデ株式会社,https://hnavi.co.jp/corporation/4844/,ok,1991年4月1日,"50,000,000円",72名,山本 哲也,東京都 港区⾚坂2-4-6-6F ⾚坂グリーンクロス,https://www.defide-ix.com/
株式会社トライネット,https://hnavi.co.jp/corporation/4990/,ok,1994年3月1日,"10,000,000円",60名,川崎 賢一,東京都 新宿区左門町１-１３ 第１凡ビル２F,https://www.trinet.co.jp/
クリーヴァ株式会社,https://hnavi.co.jp/corporation/5030/,ok,2019年9月2日,"1,000,000円",12名,宮﨑達也,東京都 東京都武蔵野市中町1丁目11−4 武蔵野ニッセイプラザ5F,https://creava.co.jp/
株式会社エニセンス,https://hnavi.co.jp/corporation/5349/,ok,2007年4月23日,"26,500,000円",20名,代表取締役 熊谷 昭彦,東京都 中央区銀座1-15-4 ヒューリック銀座一丁目昭和通りビル7階,https://anysense.co.jp/
株式会社グリル,https://hnavi.co.jp/corporation/5711/,ok,2019年10月10日,"5,000,000円",30名,徳増航平,東京都 渋谷区渋谷3-1-9 ヤザワビル3F,https://grill.bz/
株式会社ALBY,https://hnavi.co.jp/corporation/5769/,ok,2018年9月6日,"100,000円",10名,佐藤 立弥,東京都 文京区小石川2-25-16 4F,https://alby.co.jp/
株式会社divx,https://hnavi.co.jp/corporation/6046/,ok,2021年1月20日,"20,000,000円",100名,物部 英嗣,東京都 東京都港区赤坂8-4-14 青山タワープレイス6階,https://www.divx.co.jp/
株式会社ウェブネーション,https://hnavi.co.jp/corporation/6146/,ok,2012年5月1日,"3,000,000円",18名,黒崎 隆,愛知県 名古屋市中区丸の内2-12-26 丸の内セントラルビル5F,https://webnation.co.jp/
有限会社ナンタック,https://hnavi.co.jp/corporation/6517/,ok,1999年12月24日,"6,500,000円",2名,小長谷諭一,埼玉県 久喜市久喜中央４－５－７ 栗原ビル２０２,https://nantac.co.jp/top/
BLUEJUS CONSULTING株式会社,https://hnavi.co.jp/corporation/6677/,ok,2022年3月25日,"1,000,000円",31名,長谷川慶明,東京都 渋谷区道玄坂1-10-8渋谷道玄坂東急ビル2F-C,https://tecpotato.jp/
LandBridge株式会社,https://hnavi.co.jp/corporation/6746/,ok,2022年10月10日,"3,000,000円",30名,三森一輝,海外 ベトナム、ハノイ,https://landbridge.co.jp/
株式会社ビズウインド,https://hnavi.co.jp/corporation/6809/,ok,2005年4月15日,"19,000,000円",55名,倉持 孝士,東京都 千代田区神田小川町2-5 オーク神田小川町ビル 4階,https://www.bizwind.co.jp/
株式会社Seventh-Pitch,https://hnavi.co.jp/corporation/6906/,ok,2022年6月1日,"3,000,000円",15名,濱本 賢夫,東京都 墨田区向島2丁目9−11 シエルヴィラ桜橋壱番館601号,https://www.seventh-pitch.com
undergraffiti.株式会社,https://hnavi.co.jp/corporation/6918/,ok,2022年11月10日,"200,000円",4名,芦村拓哉,東京都 渋谷区渋谷2-19-15 宮益坂609,https://undergraffiti.com/
株式会社Aillz,https://hnavi.co.jp/corporation/7164/,ok,2014年5月21日,"2,000,000円",20名,船田祐規,北海道 札幌市中央区,https://aillz.com/
トライアロー株式会社,https://hnavi.co.jp/corporation/7168/,ok,1979年2月1日,"80,000,000円",950名,保坂幸治,東京都 港区芝浦3丁目2番16号A-PLACE田町イースト7F,https://www.tri-arrow.co.jp/
キャリオット株式会社,https://hnavi.co.jp/corporation/7248/,ok,1994年1月21日,"5,000,000円",7名,松本茂樹,東京都 中央区日本橋小伝馬町,https://chariot.co.jp/
ポルムス株式会社,https://hnavi.co.jp/corporation/7430/,ok,2022年6月10日,"600,000円",6名,山田 紗季穂,宮城県 仙台市青葉区花京院1-2-15,https://polms.co.jp/
株式会社LakeSuccess,https://hnavi.co.jp/corporation/7446/,ok,2015年9月1日,"1,300,000円",8名,酒井亮,東京都 中央区日本橋茅場町２－１１－５ 大野ビル４階,https://www.lakesuccess.jp/
クラウド株式会社,https://hnavi.co.jp/corporation/7483/,ok,2003年9月18日,"10,000,000円",13名,福田武男,愛知県 名古屋市東区東桜1丁目10-9 栄プラザビル 7F,https://www.cloudsoft.co.jp/
株式会社テックウェル,https://hnavi.co.jp/corporation/7570/,ok,2020年7月29日,"10,000,000円",5名,清川 美知代,福岡県 福岡市中央区天神1-9-17 福岡天神フコク生命ビル15F,https://www.techwell.jp/
株式会社Rights,https://hnavi.co.jp/corporation/7641/,ok,2008年7月2日,"15,000,000円",50名,橋本寛二,東京都 中央区日本橋茅場町2丁目8-5,https://rights-s.jp/
株式会社ステックワイアード,https://hnavi.co.jp/corporation/8015/,ok,2000年2月8日,"10,000,000円",10名,岸浪 正典,東京都 渋谷区渋谷2-12-13 八千代ビル3F,https://www.001.jp/
株式会社キネクト,https://hnavi.co.jp/corporation/8085/,ok,2022年5月16日,"1,000,000円",3名,小林 謙介,東京都 渋谷区道玄坂1−10−8 渋谷道玄坂東急ビル2F−C,https://kinect.co.jp/
株式会社JV-ITホールディングス,https://hnavi.co.jp/corporation/8140/,ok,2018年5月21日,"33,100,000円",90名,猪瀬 ルアン,東京都 新宿区四谷3-11 光徳ビル201,https://jv-it.jp/
タクトピクセル株式会社,https://hnavi.co.jp/corporation/8611/,ok,2018年1月4日,"55,000,000円",20名,代表取締役 CEO 大村 周司,神奈川県 横浜市中区尾上町三丁目35番地 横浜第一有楽ビル3F,https://taktpixel.co.jp/
株式会社cozmic,https://hnavi.co.jp/corporation/8624/,ok,2023年10月2日,"3,000,000円",13名,角晃久,東京都 江東区青海2丁目7-4 the SOHO 931,https://www.cozmic.io/
株式会社レルモ,https://hnavi.co.jp/corporation/8683/,ok,2018年12月25日,"10,000,000円",48名,菊池 政充,東京都 豊島区池袋2丁目55-13 合田ビル４階,https://lermo.co.jp/
株式会社スナーク,https://hnavi.co.jp/corporation/8875/,ok,1988年9月22日,"10,000,000円",26名,草野文弘,東京都 台東区寿２－１０－１１ ＭＳ田原町ビル６Ｆ,http://www.snark.co.jp/
REDEE株式会社,https://hnavi.co.jp/corporation/8908/,ok,2019年6月21日,"1,000,000円",5名,密山 裕貴,京都府 京都市下京区東塩小路町614 新京都センタービル2F,https://redee.co.jp/
株式会社フルコンテンツ,https://hnavi.co.jp/corporation/8960/,ok,2016年1月15日,"5,000,000円",33名,後藤健太郎,愛知県 名古屋市,https://full-contents.com/
株式会社GoodFunction,https://hnavi.co.jp/corporation/9012/,ok,2023年11月13日,"9,000,000円",5名,伴野太一朗,東京都 新宿区西新宿 3-3-13 西新宿水間ビル2F,https://www.goodfunction.jp/
株式会社AND DIGITS,https://hnavi.co.jp/corporation/9148/,ok,2020年12月21日,"20,000,000円",20名,岸本直也,東京都 渋谷区渋谷2-7-13,https://ndigits-corp.vercel.app/
株式会社Co-Success,https://hnavi.co.jp/corporation/9377/,ok,2023年3月1日,"100,000円",11名,龍鶴元,東京都 品川区南品川3−1−12MGグレートビル3F,https://co-success.jp/
有限会社ドラドンシステム,https://hnavi.co.jp/corporation/9383/,ok,1990年9月1日,"3,000,000円",8名,坂口龍一,神奈川県 横浜市港北区日吉5-6-28,https://www.doradon.co.jp/
株式会社ガロアエンジニアリング,https://hnavi.co.jp/corporation/9445/,ok,1987年3月9日,"10,000,000円",10名,小日向 亮輔,東京都 千代田区,https://galois.jp/
株式会社IVY,https://hnavi.co.jp/corporation/9618/,ok,2023年6月1日,"24,000,000円",10名,福井和輝,東京都 東京都渋谷区千駄ヶ谷４丁目２７番５号 Ｍ．ＢＡＬＡＮＣＥ＋ＪＩＮＧＵ・ＫＩＴＡＳＡＮＤＯ７Ｆ,https://web.be-ivy.site/
株式会社アルジェントテクノロジー,https://hnavi.co.jp/corporation/9785/,ok,2016年5月13日,"1,000,000円",14名,赤瀬太一,東京都 渋谷区鶯谷町１５−１０ ロイヤルパレス渋谷407,https://www.argent-technology.co.jp/
株式会社BX,https://hnavi.co.jp/corporation/9885/,ok,2008年2月22日,"10,000,000円",5名,橋本 洋一,東京都 港区西麻布1-15-1森口ビル10F,https://www.brix.jp/
Rekid株式会社,https://hnavi.co.jp/corporation/9934/,ok,2023年1月24日,"5,000,000円",10名,久保一也,東京都 港区南青山3丁目1番36号 青山丸竹ビル6F,https://rekid.co.jp/
株式会社ichef,https://hnavi.co.jp/corporation/9950/,ok,2022年10月21日,"1,000,000円",10名,島谷和也,大阪府 大阪市淀川区西中島４－７－１８,https://ichef.jp/
嘉創株式会社,https://hnavi.co.jp/corporation/10009/,ok,2010年8月26日,"10,000,000円",30名,王 玉冬,東京都 中央区日本橋蛎殻町1-12-7 WACROSS NINGYOCHO 5階,https://ka-so.jp/
株式会社テクノビッツ,https://hnavi.co.jp/corporation/10050/,ok,2007年8月29日,"68,000,000円",33名,舘和博,東京都 千代田区内幸町１－１－１ 帝国ホテル本館６階,https://www.technobits.co.jp/
株式会社リンク,https://hnavi.co.jp/corporation/10110/,ok,1987年11月18日,"10,000,000円",122名,岡田元治,東京都 港区北青山 2-14-4アーガイル青山 14階/15階,https://www.link.co.jp/
株式会社ブルテナサス,https://hnavi.co.jp/corporation/10122/,ok,2024年7月10日,"3,000,000円",6名,高谷昌志,東京都 千代田区神田多町２丁目1−２３ 神田東山ビル 7F・8F,https://www.bletainasus.com/
株式会社エスシーシー,https://hnavi.co.jp/corporation/10226/,ok,1975年12月15日,"260,000,000円",873名,代表取締役社長 春日 邦彦,東京都 中野区中野５－６２－１eDCビル,https://www.scc-kk.co.jp/
国際ソフトウェア株式会社,https://hnavi.co.jp/corporation/10289/,ok,1980年8月1日,"99,000,000円",240名,亀田 明彦、加藤 潤,東京都 府中市宮町一丁目40番地 KDX府中ビル3F,https://www.ksw.co.jp/
株式会社younap,https://hnavi.co.jp/corporation/10413/,ok,2024年1月18日,"1,000,000円",11名,池本昇馬,東京都 新宿区信濃町35 信濃町キャンパス2号館9階 N14,https://younap.jp/
TechTime株式会社,https://hnavi.co.jp/corporation/10471/,ok,2024年10月1日,"8,000,000円",10名,光山,東京都 渋谷区渋谷2-19-15宮益坂ビルディング609,https://www.techtime-link.com/
合同会社​NOOVADO JAPAN,https://hnavi.co.jp/corporation/10482/,ok,2024年1月10日,"5,000,000円",40名,NGUYEN TUAN VIET,東京都 江戸川区西葛西6丁目13-1 たかみビル5F-15,https://noovado.co.jp/
AIQVE ONE株式会社,https://hnavi.co.jp/corporation/10634/,ok,2021年2月1日,"100,000,000円",250名,山崎 太郎,東京都 千代田区神田三崎町2-4-1 TUG-Iビル9階,https://www.aiqveone.co.jp/
株式会社ATJC,https://hnavi.co.jp/corporation/10785/,ok,2007年12月19日,"48,000,000円",400名,齋藤 拓,東京都 千代田区九段北4-1-9 市ヶ谷MSビル7階,https://atjc-it.jp/
株式会社クロックハンズ,https://hnavi.co.jp/corporation/10813/,ok,2019年5月7日,"5,000,000円",7名,原田良二,東京都 立川市柴崎町3‐9‐24 ドゥ・ルーブルデノン305,https://clockhands.net/
株式会社ユニティ,https://hnavi.co.jp/corporation/10951/,ok,2003年6月16日,"15,000,000円",16名,山下 優之,大阪府 大阪市西区阿波座1-4-4 野村不動産四ツ橋ビル2F,https://www.uni-ty.com/
株式会社ハイブリッドテクノロジーズ,https://hnavi.co.jp/corporation/11177/,ok,2016年4月28日,"915,547,000円",498名,平川和真,東京都 中央区新川２丁目２２−１いちご新川ビル5F,https://hybrid-technologies.co.jp/
株式会社キューネットワークス,https://hnavi.co.jp/corporation/11182/,ok,2004年12月6日,"5,000,000円",15名,佐藤勝男,東京都 新宿区西新宿１－３－３ 品川SSビル新宿 ４F,https://www.qnt.jp/
アルテンジャパン株式会社,https://hnavi.co.jp/corporation/11327/,ok,1985年2月10日,"50,000,000円",1600名,相川修一,茨城県 日立市大みか町2-23-15,https://www.alten-japan.com/
株式会社リバークレイン,https://hnavi.co.jp/corporation/11328/,ok,2000年10月1日,"13,240,000円",180名,信濃 孝喜,東京都 世田谷区三宿1-13-1東映三宿ビル6階,https://rivercrane.com/
株式会社ワールドテクノブリッジ,https://hnavi.co.jp/corporation/11452/,ok,2014年3月26日,"10,000,000円",18名,南 尚哲,東京都 板橋区高島平7-12−1−104,http://www.wtb-jp.com/
株式会社CoWrite,https://hnavi.co.jp/corporation/11484/,ok,2023年6月30日,"7,000,000円",50名,本城 直季,東京都 渋谷区恵比寿西2-19-9 フランセスビル1階,https://www.cowritegl.com
株式会社クロスユーアイエス,https://hnavi.co.jp/corporation/11560/,ok,1987年1月7日,"100,000,000円",100名,神山 昌久,大阪府 大阪市中央区南船場4-2-4 日本生命御堂筋ビル,https://www.xuis.co.jp/
株式会社WHITE&amp;PEPPER,https://hnavi.co.jp/corporation/11655/,ok,2025年1月20日,"1,000,000円",11名,山本竜弥,東京都 中央区銀座1丁目12番4号N&E BLD.6F,https://white-and-pepper.com/
ロジスト株式会社,https://hnavi.co.jp/corporation/11708/,ok,2007年6月11日,"3,000,000円",10名,山之内謙太郎,東京都 港区西新橋1-5-9 ル・グラシエルBLDG.70 B1F,https://logist.bz/
レップ株式会社,https://hnavi.co.jp/corporation/11973/,ok,2022年7月19日,"8,000,000円",13名,間野 健介,東京都 千代田区神田小川町3-7-5 VORT神保町3階,https://www.repinc.co.jp/
クアッド株式会社,https://hnavi.co.jp/corporation/12398/,ok,2012年7月4日,"21,000,000円",13名,伏見 浩司,東京都 千代田区東神田1−2−10,https://quad.co.jp/
株式会社ZENSHIN,https://hnavi.co.jp/corporation/12427/,ok,2025年1月15日,"1,000,000円",7名,半沢 元希,東京都 東京都渋谷区神南1丁目11-4,https://www.zenshin-inc.co.jp/
株式会社デジタルファーム,https://hnavi.co.jp/corporation/12574/,ok,2000年7月3日,"26,000,000円",20名,田中亨,北海道 札幌市中央区北4条西4丁目1-7 MMS 札幌駅前ビル 1F,https://www.digital-farm.com/
株式会社チャイルドフット,https://hnavi.co.jp/corporation/12662/,ok,2014年5月2日,"1,000,000円",3名,籠橋 雄樹,千葉県 千葉市美浜区中瀬1-3 幕張テクノガーデンCB棟3F MBP,https://childfoot.jp/
株式会社ScaleAgent,https://hnavi.co.jp/corporation/12807/,ok,2025年9月17日,"5,000,000円",5名,野川賢二郎,神奈川県 横浜市青葉区,https://scale-agent.co.jp/
株式会社シスクラッチョ,https://hnavi.co.jp/corporation/12873/,ok,2024年1月12日,"1,000,000円",1名,千田貴史,愛知県 名古屋市中村区名駅四丁目24番5号 第2森ビル401,https://syscratcho.co.jp/
株式会社AI Nest,https://hnavi.co.jp/corporation/12889/,ok,2024年3月15日,"10,000,000円",30名,長谷川 剛史・関岡 冴俊,東京都 渋谷区 渋谷2-19-15 宮益坂ビルディング609,https://ainest.co.jp/
合同会社NexA,https://hnavi.co.jp/corporation/12986/,ok,2024年5月13日,"100,000円",5名,竹村也哉,東京都 千代田区飯田橋1丁目8番9号 ニューシティハイツ飯田橋707,https://nex-a.net/
株式会社テクノジャパン,https://hnavi.co.jp/corporation/13019/,ok,1970年8月21日,"10,000,000円",245名,甲賀 和生,愛知県 名古屋市中村区名駅3-25-9 堀内ビル2F,https://www.techno-japan.co.jp/
株式会社CATION,https://hnavi.co.jp/corporation/13190/,ok,2022年9月27日,"15,000,000円",30名,枡井 愼治,東京都 千代田区神田駿河台2-3-11 ヒューリック御茶ノ水ビル3階,https://cation-inc.jp/
5SENSE株式会社,https://hnavi.co.jp/corporation/13358/,ok,2019年1月31日,"1,500,000円",60名,中島 雅文,大阪府 大阪府高槻市芥川町2-14-20,https://www.5sense.tech/ja
ONE DAY SYSTEM株式会社,https://hnavi.co.jp/corporation/13391/,ok,2021年11月1日,"1,000,000円",5名,井上 翔太,愛知県 名古屋市中村区椿町15番10号 名駅三交ビル,https://onedaysystemcorp.com/
株式会社地道,https://hnavi.co.jp/corporation/13715/,ok,2025年12月11日,"1,000,000円",15名,地道邦顕,東京都 大田区北千束３丁目２０−８,https://www.j1michi.com/
合同会社小村ソフト,https://hnavi.co.jp/corporation/14129/,ok,2026年3月27日,"300,000円",1名,小村豪,東京都 港区北青山 1-3-3 三橋ビル 3階,https://comcomponent.com/
ベストソリューション株式会社,https://hnavi.co.jp/corporation/318/,ok,2008年4月1日,"49,000,000円",33名,狩野 健太朗,東京都 東京都渋谷区笹塚2-1-6 JMFビル 笹塚01 4階,https://www.bestsol.co.jp/
株式会社クローバーシステム,https://hnavi.co.jp/corporation/425/,ok,,"9,000,000円",,石西哲也（いそにし・てつや）,,https://www.cloversystem.co.jp
株式会社ジェイテック,https://hnavi.co.jp/corporation/1508/,ok,1997年2月27日,"30,000,000円",204名,中川優介,,http://www.j-tech.jp
株式会社オープンウェーブ,https://hnavi.co.jp/corporation/1673/,ok,2014年7月22日,"2,000,000円",6名,尾鷲 彰一（おわし しょういち）,神奈川県 横浜市神奈川区西神奈川１－８－１１－１０３,http://www.openwave.co.jp
株式会社C&amp;Dシステムサポート,https://hnavi.co.jp/corporation/1682/,ok,2011年4月1日,"10,000,000円",15名,伊東 和行,大阪府 大阪市中央区徳井町1-4-7 杉本ビル4F,http://www.c-dss.com/
株式会社サンテック,https://hnavi.co.jp/corporation/1703/,ok,1995年2月22日,"10,000,000円",20名,高梨 繁,東京都 目黒区中目黒3-6-2 中目黒FSビル7F,http://santec.biz
株式会社インターメッセ,https://hnavi.co.jp/corporation/1710/,ok,2000年9月1日,"10,000,000円",,光本 茂樹,,https://www.intermesse.co.jp
アーチ株式会社,https://hnavi.co.jp/corporation/1729/,ok,1997年9月1日,"20,500,000円",41名,藤本 賢一,東京都 渋谷区代々木1丁目45番6号,http://arch-corp.co.jp/
株式会社カヤックボンド,https://hnavi.co.jp/corporation/1744/,ok,2011年6月20日,"10,000,000円",101名,貝畑 政徳,東京都 千代田区外神田1-8-13 NREG秋葉原ビル6F,https://kayac.bond/
株式会社デジタルフォルン,https://hnavi.co.jp/corporation/1750/,ok,,"50,000,000円",210名,蕭敬如,,https://www.taiyo-st.co.jp/
アントロピア株式会社,https://hnavi.co.jp/corporation/1761/,ok,,"4,000,000円",6名,早坂真一,,http://www.anthropia.co.jp
クロテッコ有限会社,https://hnavi.co.jp/corporation/1763/,ok,2003年6月6日,"3,000,000円",10名,畔柳佳典,東京都 渋谷区千駄ヶ谷３－５２－５,http://www.kurotekko.com/
エスコ・ジャパン株式会社,https://hnavi.co.jp/corporation/1764/,ok,2008年8月21日,"67,500,000円",60名,李 顕庫,東京都 新宿区大久保２－２－１２ VORT東新宿６F,https://www.escco.co.jp
株式会社ユニランス,https://hnavi.co.jp/corporation/1773/,ok,2014年4月1日,"10,000,000円",,ウィン モンエイ,,http://unilance.co.jp
株式会社インフォディオ,https://hnavi.co.jp/corporation/1775/,ok,,"10,000,000円",,勝本 伸弘,,http://www.infordio.co.jp/
GrowthSquare株式会社,https://hnavi.co.jp/corporation/1783/,ok,2008年4月11日,"20,000,000円",22名,小田 竜哉,東京都 千代田区神田佐久間町２丁目18−５ アークビル 2F,http://www.growthsquare.co.jp
マルワソフト株式会社,https://hnavi.co.jp/corporation/1785/,ok,2006年11月22日,"10,000,000円",50名,若山 寛幸,東京都 港区赤坂3-11-3 赤坂中川ビルディング6F,http://www.maruwasoft.co.jp/
株式会社総研システムズ,https://hnavi.co.jp/corporation/1795/,ok,,"67,250,000円",,清水保,,http://www.souken-sys.co.jp
有限会社アテージ,https://hnavi.co.jp/corporation/1798/,ok,,"3,000,000円",,三木 太,,https://www.atage.jp
株式会社HAL,https://hnavi.co.jp/corporation/1800/,ok,,"10,000,000円",260名,,,https://www.hal21.co.jp
株式会社アートテクノロジー,https://hnavi.co.jp/corporation/1807/,ok,2002年8月2日,"20,000,000円",,平良 忠信,,http://www.create-a.co.jp
株式会社リッカ,https://hnavi.co.jp/corporation/1814/,ok,2013年3月1日,"3,000,000円",22名,田口 基喜,,http://www.ricka.co.jp
ノックスデータ株式会社,https://hnavi.co.jp/corporation/1815/,ok,1947年5月1日,"45,000,000円",172名,小林義文,東京都 東京都品川区南大井6-26-2 大森ベルポートB館10階,http://www.knox.co.jp
株式会社マジェスティック・ピー・アイ・シー,https://hnavi.co.jp/corporation/1820/,ok,2007年4月17日,"5,000,000円",5名,鈴木孝征,,http://www.majestic-pic.com
株式会社イーグリッド,https://hnavi.co.jp/corporation/1824/,ok,2010年11月1日,"40,000,000円",122名,小村 淳浩,島根県 出雲市常松町526,https://www.e-grid.co.jp
株式会社想隆社,https://hnavi.co.jp/corporation/1828/,ok,2000年4月3日,"10,000,000円",10名,山本幸太郎,東京都 中野区新井1-1-16 アーバンプラザ201号室,http://soryu-sha.jp
株式会社必然,https://hnavi.co.jp/corporation/1835/,ok,2008年7月7日,"3,000,000円",20名,田端 一雅,東京都 東京都千代田区神田東松下町43,http://www.hitsuzen.co.jp
株式会社アリスマジック,https://hnavi.co.jp/corporation/1845/,ok,2000年12月28日,"15,000,000円",,本多 保隆,,http://www.alicemagic.ne.jp
株式会社ユニス,https://hnavi.co.jp/corporation/1847/,ok,,"60,000,000円",85名,,,http://www.unis-t.jp
株式会社インフィニットコンサルティング,https://hnavi.co.jp/corporation/1848/,ok,2007年5月10日,"30,000,000円",,田中 守,,http://www.infinite-cs.co.jp/
株式会社フレスコ,https://hnavi.co.jp/corporation/1849/,ok,1990年8月13日,"10,000,000円",46名,長田 雅志,東京都 東京都千代田区神田東松下町39 神田トーセイビル2F,https://www.fresco.co.jp
ハニカムウエア株式会社,https://hnavi.co.jp/corporation/1855/,ok,2011年2月1日,"5,000,000円",9名,宮﨑 眞弘,神奈川県 神奈川県横浜市中区南仲通４－４９，福久ビル８Ｆ－Ａ,http://honeycomware.jp
株式会社エム・イー・シー,https://hnavi.co.jp/corporation/1856/,ok,1999年4月13日,"10,000,000円",72名,田山 教夫,東京都 港区,http://mec-jp.com
株式会社からくり,https://hnavi.co.jp/corporation/1899/,ok,2013年1月17日,"10,000,000円",20名,品川 秀司,神奈川県 横浜市神奈川区鶴屋町２丁目２１−１ダイヤビル２階,http://www.kara-kuri.jp
株式会社ラボック,https://hnavi.co.jp/corporation/1900/,ok,2009年12月2日,,,原見 俊介,,https://www.laboc.co.jp
株式会社mirate,https://hnavi.co.jp/corporation/1955/,ok,,"50,000,000円",,大内裕隆,,http://www.mirate.co.jp/
株式会社トライアローズ,https://hnavi.co.jp/corporation/1960/,ok,1989年5月18日,"14,000,000円",,結城 晋,,http://www.tri-arrows.jp
インユニゾン株式会社,https://hnavi.co.jp/corporation/2003/,ok,2013年12月3日,,,川畑 晴彦,,http://inunison.co.jp/index.html
株式会社CSテクノロジーズ,https://hnavi.co.jp/corporation/2021/,ok,2005年5月9日,"10,000,000円",50名,石榑康人,東京都 中央区銀座1-19-14 広徳ビル7階,http://www.cstex.jp
株式会社エースシステムズ,https://hnavi.co.jp/corporation/2026/,ok,,"40,000,000円",81名,岡田 祥平,,https://www.acesystems.co.jp/
セントラルソフト株式会社,https://hnavi.co.jp/corporation/2048/,ok,1987年7月1日,"80,000,000円",394名,古賀 健太郎,東京都 千代田区岩本町２－４－３ 太陽生命神田ビル８階,http://www.central-soft.co.jp
株式会社ワクト,https://hnavi.co.jp/corporation/2083/,ok,2011年10月1日,"10,000,000円",72名,千葉幹夫,東京都 東京都港区元赤坂1丁目3-13 赤坂センタービル 14F,https://wakuto.net
株式会社ロケットスタートホールディングス,https://hnavi.co.jp/corporation/2090/,ok,2014年1月1日,"5,000,000円",36名,星 栄一,茨城県 つくば市千現2-1-6 つくば研究支援セミナー A-7,https://www.rshd.co.jp
株式会社キーリンク,https://hnavi.co.jp/corporation/2101/,ok,2016年7月5日,"1,500,000円",,久保 淳一,,http://keylink.co.jp
株式会社SOAT,https://hnavi.co.jp/corporation/2121/,ok,,"3,000,000円",,,,http://soatcorp.com
株式会社ヨコハマシステムズ,https://hnavi.co.jp/corporation/2156/,ok,1987年8月1日,"46,000,000円",120名,山田 建史,神奈川県 横浜市西区北幸2丁目6-26 HI横浜ビル 8階,http://ysco.net/
株式会社伸和トータルエンジニアリング,https://hnavi.co.jp/corporation/2160/,ok,1987年12月16日,"10,000,000円",17名,荒木 崇,大阪府 大阪市北区松ケ枝町1-3 いちご南森町ビル3F,https://www.shinwa-totaleng.co.jp/
株式会社ＪＥＴ,https://hnavi.co.jp/corporation/2414/,ok,,,,佐々木 真樹,,http://www.jet13.net/
有限会社T&amp;Kオフィス,https://hnavi.co.jp/corporation/2463/,ok,2003年12月25日,"3,000,000円",3名,潮田 考行,東京都 品川区南品川4-4-17,http://www.system-db.info/
株式会社エム・エス・アイ,https://hnavi.co.jp/corporation/2527/,ok,1994年1月6日,"90,000,000円",51名,林敏,東京都 新宿区新宿,http://www.msinet.co.jp/
株式会社クロコ,https://hnavi.co.jp/corporation/2552/,ok,2017年12月1日,"29,650,000円",130名,大和田大地,東京都 中央区銀座四丁目３番９号 クイーンズハウス地下１階,https://kuroco.jp/
人和ネットワーク株式会社,https://hnavi.co.jp/corporation/2554/,ok,2015年8月14日,"20,000,000円",35名,周 欣,東京都 港区芝浦３−６−５BizFeel 田町 ３F,https://pp-network.com/
株式会社ウィシェア,https://hnavi.co.jp/corporation/2584/,ok,2015年10月2日,"20,000,000円",30名,金子 竜也,東京都 豊島区西池袋3-30-4 K＆Hビル7F,https://www.weshare.co.jp/
Fixel株式会社,https://hnavi.co.jp/corporation/2709/,ok,2019年8月1日,"50,000,000円",16名,池本 哲也,東京都 江東区豊洲2-2-1 豊洲ベイサイドクロスタワー,https://www.fixel.co.jp/
株式会社フジシステムズ,https://hnavi.co.jp/corporation/2784/,ok,1982年4月26日,"30,000,000円",120名,吉田 孝広,神奈川県 横浜市西区北幸,https://www.fujisystems.co.jp/
株式会社メイガス,https://hnavi.co.jp/corporation/2819/,ok,2014年2月19日,"9,000,000円",16名,中村 武史,東京都 新宿区市谷左内町5 LOWP2F,https://www.magus-inc.co.jp/
株式会社GIB JAPAN,https://hnavi.co.jp/corporation/2850/,ok,2003年4月10日,"40,000,000円",30名,宮本 圭一郎,東京都 新宿区大久保1-15-18みゆきビル203,https://www.gibjapan.org/
FutureRays株式会社,https://hnavi.co.jp/corporation/2865/,ok,2006年10月24日,"10,000,000円",260名,中井 崇幸,大阪府 大阪市北区西天満2-8-1 大江ビルヂング217号室,https://www.bemac-fr.com/
株式会社カエルエックス,https://hnavi.co.jp/corporation/2975/,ok,,"10,000,000円",,金原正典,,http://www.caerux.com/
アネアス株式会社,https://hnavi.co.jp/corporation/3027/,ok,,,,奥野 健一郎,,https://aneas.jp/
株式会社ケー・ディー・エス,https://hnavi.co.jp/corporation/3041/,ok,,,,山口 剛,,http://kds-co-ltd.com
株式会社アンカーパーソン,https://hnavi.co.jp/corporation/3046/,ok,2003年9月12日,"4,000,000円",,中谷 貴子,,https://www.anchorperson.com/
株式会社クラウドスミス,https://hnavi.co.jp/corporation/3059/,ok,2014年8月1日,"10,000,000円",64名,下村 暁,宮城県 仙台市青葉区中央4-4-19 アーバンネット仙台中央ビル15F,https://cloudsmith.co.jp/
株式会社ユニテック,https://hnavi.co.jp/corporation/3083/,ok,1981年4月1日,"50,000,000円",80名,兼城 毅,静岡県 静岡市葵区瀬名1丁目18番33号,https://www.unitec.jp/
株式会社WISHシステムコンサルティング,https://hnavi.co.jp/corporation/3156/,ok,2005年4月20日,"20,000,000円",105名,桑村 英利,鹿児島県 鹿児島市東千石町14-10 天文館NNビル7F,https://wish-sc.co.jp/
株式会社エイチビーソフトスタジオ,https://hnavi.co.jp/corporation/3245/,ok,1999年10月1日,"10,000,000円",10名,影浦 義丈,愛媛県 伊予市上三谷４９５−５,https://www.hbss.co.jp/
Y＆I Group株式会社,https://hnavi.co.jp/corporation/3248/,ok,2016年8月15日,"50,000,000円",280名,髙橋 悠太,東京都 千代田区平河町 2-5-3 6F,https://www.y-i-groupinc.jp/
Sテクノロジー株式会社,https://hnavi.co.jp/corporation/3271/,ok,2007年8月29日,"18,000,000円",60名,金澤実,東京都 東京都台東区台東4-14-7 日警東京ビル 5F,https://sincerity-trust.com/
exmilen合同会社,https://hnavi.co.jp/corporation/3295/,ok,2020年3月10日,"1,500,000円",4名,高田 和弥,東京都 東京都中央区日本橋堀留町1-6-3 パレドール日本橋413号室,https://exmilen.com/
株式会社スカイセンス,https://hnavi.co.jp/corporation/3316/,ok,2008年2月13日,"10,000,000円",10名,上田 孝章,京都府 京都市下京区東洞院通綾小路下ル扇酒屋町289 デ・リードビル5階,https://www.skysense.co.jp/
株式会社オレンジテクノロジーズ,https://hnavi.co.jp/corporation/3397/,ok,1986年11月1日,"10,000,000円",42名,末久 高平,神奈川県 横浜市港北区新横浜3-17-5 いちご新横浜ビル 3F,https://www.orangetech.co.jp/
株式会社ジャスウィル,https://hnavi.co.jp/corporation/3474/,ok,2004年5月25日,"12,000,000円",14名,吉田 隆幸,愛知県 名古屋市中区錦1-17-26 ラウンドテラス伏見,https://www.jaswill.co.jp/
合同会社フライングスター,https://hnavi.co.jp/corporation/3487/,ok,2021年10月5日,"1,000,000円",8名,澤 佑輔,東京都 東京都世田谷区喜多見7-13-19-101,https://flyingstar.co.jp/
株式会社クルービット,https://hnavi.co.jp/corporation/3498/,ok,,"10,000,000円",,四方田 祐児,,https://www.crewbit.co.jp/
けだま株式会社,https://hnavi.co.jp/corporation/3585/,ok,,"1,000,000円",,東森 友暉,,https://kedama.co.jp/
株式会社JampRock,https://hnavi.co.jp/corporation/3625/,ok,2021年2月22日,"3,000,000円",10名,菊地 航,東京都 新宿区西早稲田,https://www.jamp-rock.com/
株式会社ナカテック,https://hnavi.co.jp/corporation/3684/,ok,1979年10月13日,"30,000,000円",103名,中山 浩行,東京都 港区新橋3丁目9−9 7F,https://www.nakatec-ds.com
共栄エンジニアリング株式会社,https://hnavi.co.jp/corporation/3731/,ok,1997年5月14日,"51,000,000円",100名,片山 哲宏,大阪府 吹田市岸部南1-3-1,http://kyoei-e.com/
ペーパーワークスタイラ株式会社,https://hnavi.co.jp/corporation/3781/,ok,2020年8月6日,"9,000,000円",10名,澤井 精次,東京都 新宿区新宿3丁目12番4号新宿Nタウンプラザ309号,https://paperworkstyler.co.jp/
有限会社オートニクス,https://hnavi.co.jp/corporation/3824/,ok,1987年10月1日,"3,000,000円",4名,大野創士,愛媛県 松山市千舟町1丁目1-17 大野湊町ビル2F,http://www.autonics-ltd.com/
株式会社Splean,https://hnavi.co.jp/corporation/3857/,ok,2021年1月12日,"1,000,000円",10名,宮原 裕宇,東京都 港区六本木6-1-2 アークヒルズサウス 16F,https://splean.co.jp/
株式会社Itsuki,https://hnavi.co.jp/corporation/3862/,ok,2018年12月27日,"300,000円",5名,山本 俊樹,東京都 港区三田3-4-18 二葉ビル701号,https://corp.itsuki.io/
Strh株式会社,https://hnavi.co.jp/corporation/4047/,ok,2021年10月1日,"10,000,000円",11名,杉山 元紀,東京都 目黒区青葉台3-18-3 THE WORKS 402,https://www.strh.co.jp/
株式会社エクサ,https://hnavi.co.jp/corporation/4085/,ok,1987年10月1日,"1,250,000,000円",1253名,千田 朋介,神奈川県 横浜市西区みなとみらい4-4-5 横浜アイマークプレイス2階,https://www.exa-corp.co.jp/
株式会社サン・コンピュータ,https://hnavi.co.jp/corporation/4177/,ok,1985年10月1日,"50,000,000円",89名,三浦 克之,青森県 八戸市北インター工業団地一丁目5番10号,https://www.sancom.co.jp/
株式会社TheNewGate,https://hnavi.co.jp/corporation/4254/,ok,2018年4月4日,"16,000,000円",433名,松下宇流麻,群馬県 群馬県高崎市請地町1-9,https://thenewgate.co.jp/
株式会社アクシス,https://hnavi.co.jp/corporation/4338/,ok,1991年6月12日,"74,400,000円",545名,横田佳和,東京都 港区西新橋2-3-1 マークライト虎ノ門 8F,https://www.axis-net.co.jp/
株式会社リサシステム,https://hnavi.co.jp/corporation/4415/,ok,1990年6月15日,"10,000,000円",12名,篠崎忠生,東京都 町田市小山ヶ丘2丁目2-5-8 まちだテクノパークセンタービル３F,http://www.lisa-system.co.jp/
株式会社ジェイ・ウイング,https://hnavi.co.jp/corporation/4582/,ok,2002年4月1日,"10,000,000円",15名,山田祥介,神奈川県 横浜市中区扇町2-4-2横浜関内京浜ビル,https://www.j-wing.jp/
株式会社ハコブネ,https://hnavi.co.jp/corporation/4696/,ok,2009年9月25日,"1,000,000円",20名,森 淳,福岡県 福岡市中央区清川1-12-4,https://www.hakobune.co.jp/
株式会社楽堂,https://hnavi.co.jp/corporation/4697/,ok,2006年5月11日,"20,000,000円",18名,高橋こずえ,東京都 新宿区新宿２－９－２２,https://www.rakudou.co.jp/
株式会社ナノコネ,https://hnavi.co.jp/corporation/4725/,ok,2006年3月6日,"100,000,000円",194名,木島 貴志,兵庫県 神戸市中央区浪花町59 神戸朝日ビルディング23F,https://www.nanoconnect.co.jp/
株式会社フリークラフト,https://hnavi.co.jp/corporation/4982/,ok,1996年12月1日,"30,000,000円",79名,代表取締役 川原康彦,大阪府 大阪市北区堂島2-3-5 大阪堂島ビル 6階,https://www.freecraft.co.jp/
株式会社アクロビジョン,https://hnavi.co.jp/corporation/5246/,ok,2007年3月13日,"30,000,000円",300名,末光正志,北海道 北海道札幌市中央区北一条西3丁目3 ばらと北一条ビル9F,https://www.acrovision.jp/
株式会社キャスト,https://hnavi.co.jp/corporation/5484/,ok,2001年5月21日,"5,000,000円",9名,鈴木是哉,静岡県 静岡県沼津市新沢田町3-3,https://cast-ad.co.jp/
TMA Solutions Japan 株式会社,https://hnavi.co.jp/corporation/5486/,ok,1997年10月1日,"119,000,000円",4000名,池内 聡,東京都 港区虎ノ門1-10-5 KDX虎ノ門一丁目ビル 6F,https://tma-solutions-japan.jp
A-OKシステムズ株式会社,https://hnavi.co.jp/corporation/5506/,ok,2011年1月6日,"1,000,000円",5名,青木 正夫,神奈川県 横浜市旭区川井本町24-25,https://www.aoksystems.jp/
株式会社ミデア,https://hnavi.co.jp/corporation/5592/,ok,2014年2月4日,"9,000,000円",8名,奥山 真,東京都 千代田区神田三崎町2-18-6 村上ビル3F,https://m-idea.co.jp/
株式会社プロメトル,https://hnavi.co.jp/corporation/5635/,ok,2008年2月7日,"9,000,000円",10名,中川 奈美,東京都 千代田区神田平河町1 第3東ビル10F,https://www.promettre.jp/
株式会社アナザーウェア,https://hnavi.co.jp/corporation/5642/,ok,1991年4月8日,"50,000,000円",100名,鈴木 晶,神奈川県 横浜市神奈川区鶴屋町2-21-8 第1安田ビル6F,https://www.another-ware.co.jp/
テスコム情報システム株式会社,https://hnavi.co.jp/corporation/5738/,ok,2021年11月12日,"100,000円",9名,鳥居 裕之介,東京都 品川区南大井6-22-7 大森ベルポートE館,https://is.tescom.co.jp/
株式会社ビナヤマト,https://hnavi.co.jp/corporation/5813/,ok,2009年9月1日,"10,000,000円",20名,橋口 信平,東京都 千代田区神田2-4-2 一広グローバルビル 8F,https://www.vinayamato.com/
フォーエム株式会社,https://hnavi.co.jp/corporation/5879/,ok,1988年6月28日,"27,000,000円",67名,加藤 慎一,東京都 品川区東五反田４丁目５番２号五反田NTビル１F,https://web.fourm.co.jp/
株式会社同州ソフト,https://hnavi.co.jp/corporation/5953/,ok,2015年1月5日,"10,000,000円",20名,朱 赫東,東京都 台東区上野6-1-11 平岡ビル306号,https://dousyu.com/
株式会社ブーストラボ,https://hnavi.co.jp/corporation/5961/,ok,2020年9月1日,80円,0名,高橋聖弥,東京都 渋谷区渋谷2-19-15宮益坂ビルディング609,https://www.voostlab.co/
株式会社BnKジャパン,https://hnavi.co.jp/corporation/6019/,ok,2023年6月1日,"5,100,000円",350名,赤廣 佳範,神奈川県 横浜市港北区新横浜3-8-8 日総16ビル 706号,https://bnksolution.com/jp/
ARIA株式会社,https://hnavi.co.jp/corporation/6025/,ok,2019年11月22日,"20,000,000円",10名,青山 綾子,東京都 港区虎ノ門3-4-10 虎ノ門35森ビル3階,https://www.ariainc.jp/
株式会社DUTA,https://hnavi.co.jp/corporation/6119/,ok,2017年5月1日,"30,000,000円",33名,グェン ユイ,兵庫県 神戸市,https://www.duta.co.jp/
株式会社フーリエ,https://hnavi.co.jp/corporation/6164/,ok,2006年12月26日,"20,000,000円",15名,土屋 慎司,東京都 品川区東大井5丁目6-13 CC BLDG. 東大井 3F,https://www.fourier.jp/
株式会社ジーニアス,https://hnavi.co.jp/corporation/6184/,ok,1991年4月1日,"21,000,000円",6名,田中 博生,東京都 新宿区新宿1-18-4 東京蓮見ビル2F,https://www.zenith-one.jp/
Alleeks株式会社,https://hnavi.co.jp/corporation/6187/,ok,2018年3月28日,"6,000,000円",20名,安本猛,東京都 新宿区西新宿4-11-21 ホルス西新宿2F,https://www.alleeks.com/
株式会社エス･アイ･エス（sisj.com）,https://hnavi.co.jp/corporation/6192/,ok,2000年4月3日,"50,000,000円",92名,松浦 豊,東京都 千代田区神田佐久間町2丁目19番地いちご秋葉原イーストビル8階,https://www.sisj.com/
株式会社システム・アシスト,https://hnavi.co.jp/corporation/6277/,ok,2000年8月21日,"10,000,000円",10名,田井中 友香,東京都 大田区大森北2-17-2 αＮＥＸＴ大森海岸4階,https://www.system-assist.com/
株式会社エフ・ディー・シー,https://hnavi.co.jp/corporation/6290/,ok,1997年2月7日,"50,000,000円",194名,和田 崇紀,東京都 千代田区神田須田町2丁目17番地18クリスタルビル5階,https://www.fdc-inc.co.jp/
合同会社STU,https://hnavi.co.jp/corporation/6359/,ok,2018年11月9日,"1,000,000円",3名,佐藤 賢一,北海道 帯広市緑ヶ丘二条通2丁目5番地10,https://stugk.jp/
シグニフィ株式会社,https://hnavi.co.jp/corporation/6426/,ok,2009年4月30日,"10,000,000円",100名,高田 志郎,東京都 港区三田2-17-29 グランデ三田 3階,https://signifi.co.jp/
AMBL株式会社,https://hnavi.co.jp/corporation/6609/,ok,2001年3月9日,"79,920,000円",708名,毛利政弘,東京都 東京都港区赤坂9丁目７番１号ミッドタウン・タワー32階,https://www.ambl.co.jp/
株式会社Hakky,https://hnavi.co.jp/corporation/6627/,ok,2021年10月14日,"4,999,999円",10名,齋藤 和正,東京都 新宿区西新宿5丁目18番20号 ルックハイツ新宿803号,https://www.about.st-hakky.com/
株式会社哲英,https://hnavi.co.jp/corporation/6686/,ok,2014年4月1日,"10,000,000円",2名,矢野英治,神奈川県 横浜市港北区新横浜3-20-18,https://tetsuei-japan.co.jp/
オン・デマンド・ワン株式会社,https://hnavi.co.jp/corporation/6694/,ok,2009年7月27日,"4,000,000円",8名,樫山 友一,東京都 中央区日本橋小舟町８−６ H1Oビル 503,https://ondemandone.com/
株式会社クラフディア,https://hnavi.co.jp/corporation/6738/,ok,2015年7月27日,"1,000,000円",10名,竹内 啓祐,埼玉県 入間市新久608-9,https://crafdea.co.jp/
株式会社glovaria,https://hnavi.co.jp/corporation/6748/,ok,2015年7月1日,"20,000,000円",13名,齋木 崇,東京都 新宿区新宿五丁目１​５​番１​４​号,https://glovaria.com/
株式会社Vision,https://hnavi.co.jp/corporation/6755/,ok,2018年5月10日,"3,000,000円",17名,平山 智裕,神奈川県 相模原市中央区鹿沼台２－２１－１５ 竹内ビル２０１,https://vision-sys.co.jp/
株式会社キュクノス,https://hnavi.co.jp/corporation/6779/,ok,2022年4月19日,"2,000,000円",10名,竹内 裕紀,東京都 港区赤坂5-2-33 IsaI AkasakA 4F,https://cycnus.co.jp
Axia Works合同会社,https://hnavi.co.jp/corporation/6828/,ok,2018年11月22日,"5,000,000円",21名,山下 智久,東京都 港区南青山2丁目2番15号 ウィン青山942,https://axia-works.com/
合同会社idx,https://hnavi.co.jp/corporation/6857/,ok,2021年4月28日,"1,000,000円",7名,橋爪健,東京都 千代田区神田佐久間町2-18-5 アークビル2階,https://idx-ad.com/
株式会社Opening Line,https://hnavi.co.jp/corporation/6878/,ok,2017年4月12日,"46,200,000円",24名,佐々木 亮一,東京都 港区西新橋2-8-11,https://www.opening-line.co.jp/
株式会社アールピーシー,https://hnavi.co.jp/corporation/6931/,ok,2002年4月1日,"30,000,000円",400名,島谷 健朗,東京都 渋谷区桜丘町3-2 渋谷サクラステージ SAKURAタワー11F,https://www.rpc-ltd.co.jp/
Nero Labs株式会社,https://hnavi.co.jp/corporation/7039/,ok,2020年6月5日,"2,080,000円",26名,丁 敏,東京都 中央区 銀座7丁目15番8 タウンハイツ銀座406,https://www.nerolabs.tech/
株式会社GEクリエイティブ,https://hnavi.co.jp/corporation/7042/,ok,2016年7月6日,"15,000,000円",130名,畠山丈洋,愛知県 名古屋市東区東桜1-9-26 IKKOパーク栄ビル 3F,https://mghd.ge-creative.co.jp/
Lab&amp;Design株式会社,https://hnavi.co.jp/corporation/7152/,ok,2016年6月1日,"10,000,000円",10名,白方 啓文,東京都 目黒区祐天寺 2-13-4 Pointline Yutenji 501,https://www.labdesign.co.jp/
株式会社ウェザーライト,https://hnavi.co.jp/corporation/7244/,ok,2016年4月28日,"10,000,000円",3名,嶋根啓介,千葉県 柏市柏の葉五丁目4-6 東葛テクノプラザ5074,https://weatherlight.co.jp/
株式会社アーシャルデザイン,https://hnavi.co.jp/corporation/7264/,ok,2014年10月15日,"100,000,000円",300名,小園 翔太,東京都 渋谷区神宮前2丁目4−11 Daiwa神宮前ビル3階,https://www.a-cial.com/
クラウドット株式会社,https://hnavi.co.jp/corporation/7280/,ok,2009年9月24日,"4,999,992円",15名,中山拓郎,長野県 松本市大手1-3-29,https://www.cloudot.co.jp/
株式会社Poksha,https://hnavi.co.jp/corporation/7341/,ok,2022年4月11日,"1,000,000円",5名,杉浦悠太,東京都 渋谷区渋谷2-19-15宮益坂ビルディング609,https://poksha.com/
株式会社アドテクニカ,https://hnavi.co.jp/corporation/7355/,ok,1982年4月5日,"10,000,000円",20名,下村聡,静岡県 静岡市駿河区中田2丁目4-40,https://www.adtechnica.co.jp/
株式会社プライム・ブレインズ,https://hnavi.co.jp/corporation/7504/,ok,2008年1月25日,"50,000,000円",80名,五反田 基秀,東京都 中央区日本橋兜町８－８,https://www.primebrains.co.jp/
LUXGO株式会社,https://hnavi.co.jp/corporation/7631/,ok,2022年6月29日,"1,000,000円",8名,中川慶悟,東京都 台東区浅草橋5丁目5-5 近江屋ビル6F,https://luxgo.jp/
株式会社トリックスター,https://hnavi.co.jp/corporation/7735/,ok,2008年8月29日,"5,000,000円",20名,赤西芳樹,大阪府 大阪市中央区博労町１丁目９−８ 堺筋MS第2ビル4F,https://web-trickster.com/
株式会社Accel Innovation,https://hnavi.co.jp/corporation/7784/,ok,2022年4月1日,"100,000円",6名,青木 優太,東京都 港区南青山2-2-15,https://accel-innovation.co.jp/
株式会社CrownStrategy,https://hnavi.co.jp/corporation/7865/,ok,2021年3月1日,"1,000,000円",5名,秋吉 夏帆,東京都 品川区東品川4-12-6 品川シーサイドキャナルタワー4F-53,https://crownstrategyinc.com/
FIT株式会社,https://hnavi.co.jp/corporation/7941/,ok,2006年9月15日,"10,000,000円",19名,野口 暢伸,東京都 千代田区岩本町２丁目１０－９手塚ビル６F,https://www.fit4u.co.jp/
株式会社MADLAB Japan,https://hnavi.co.jp/corporation/7955/,ok,2023年12月22日,"2,000,000円",25名,谷 洋一郎,東京都 中央区銀座７丁目１３番６号サガミビル２階,https://www.mad-lab.jp/
株式会社R&amp;D,https://hnavi.co.jp/corporation/7959/,ok,2020年10月20日,"5,000,000円",20名,伊藤博隆,東京都 港区南青山5-4-27-902,https://randd-inc.com/
株式会社やどかり,https://hnavi.co.jp/corporation/7990/,ok,2017年7月3日,"4,000,000円",32名,松澤 隆之,東京都 千代田区岩本町２丁目１−１８ フォロ・エムビル8F,https://www.yadokari.tv/
合同会社KONO,https://hnavi.co.jp/corporation/8040/,ok,2022年10月27日,"1,000,000円",6名,山本 剛史,茨城県 笠間市笠間4361-24,https://kono-inc.jp/
株式会社アルティジアビジネスソリューションズ,https://hnavi.co.jp/corporation/8044/,ok,2022年11月2日,"5,000,000円",4名,山田 周作,東京都 港区浜松町 2-2-15 浜松町ダイヤビル2F,https://artisia.co.jp/
日鉄ソリューションズ株式会社,https://hnavi.co.jp/corporation/8089/,ok,1980年10月1日,"12,952,763,000円",4000名,玉置 和彦,東京都 港区虎ノ門一丁目１７番１号 虎ノ門ヒルズビジネスタワー,https://www.nssol.nipponsteel.com/
株式会社JGコーポレーション,https://hnavi.co.jp/corporation/8093/,ok,2017年7月3日,"100,000,000円",140名,中山 泰将,東京都 〒104-0031 東京都中央区京橋1丁目1番5号 セントラルビル 5F,https://www.jg-corporation.com/
SUNUP合同会社,https://hnavi.co.jp/corporation/8127/,ok,2020年9月16日,"100,000円",5名,三上 航弥,東京都 世田谷区太子堂2丁目17-5 佐藤ビル3F,https://sunup-lab.com/
アイデンブリッド株式会社,https://hnavi.co.jp/corporation/8149/,ok,2023年7月1日,"1,000,000円",30名,池田飛鳥,東京都 品川区東大井3丁目22番-3-315,https://www.idenbrid.jp/
株式会社クリード（システム）,https://hnavi.co.jp/corporation/8166/,ok,2007年7月4日,"10,000,000円",16名,片山 真,東京都 港区海岸1丁目11番1号 ニューピア竹芝ノースタワー5階,https://cread.biz/
株式会社Intelligent T&amp;E,https://hnavi.co.jp/corporation/8169/,ok,2020年5月21日,"1,000,000円",45名,グエンキュタイラム,神奈川県 横浜市西区浅間町1丁目4番3号ウィザード401,https://executionlab.asia/
CLINKS株式会社,https://hnavi.co.jp/corporation/8191/,ok,2002年12月19日,"10,000,000円",1291名,河原 浩介,東京都 中央区八丁堀1-10-7 TMG八丁堀ビル10F,https://www.clinks.jp/
株式会社リクリック,https://hnavi.co.jp/corporation/8226/,ok,2005年7月1日,"10,000,000円",20名,中川 孝博,東京都 渋谷区渋谷2-24-12 渋谷スクランブルスクエア 39F,https://reclick.co.jp/
有限会社ケイオス,https://hnavi.co.jp/corporation/8231/,ok,1998年10月19日,"3,000,000円",10名,西原 良博,神奈川県 川崎市宮前区鷺沼3-2-6 鷺沼センタービル6F,https://www.chaosbox.com/
株式会社SHIROホールディングス,https://hnavi.co.jp/corporation/8278/,ok,2023年5月2日,"5,000,000円",20名,田中貴紀,東京都 港区赤坂5-2-33 IsaI AkasakA 606,https://shiro-holdings.co.jp/
株式会社Epochy,https://hnavi.co.jp/corporation/8295/,ok,2014年2月4日,"10,000,000円",2名,玉腰純一,東京都 中野区中央５-１-２ 田中ビル３F,https://www.epochy.co.jp/
株式会社中央情報システムズ,https://hnavi.co.jp/corporation/8365/,ok,2000年5月17日,"10,000,000円",41名,島口 良男,愛知県 名古屋市中村区名駅四丁目１７番３号 メイヨンビル４階,http://www.cisys.co.jp/
株式会社ファストコーディング,https://hnavi.co.jp/corporation/8479/,ok,2015年5月1日,"10,000,000円",20名,黒川 真吾,東京都 千代田区外神田 6-11-16 GMビル5階,https://fastcoding.jp/
株式会社Natural Architect,https://hnavi.co.jp/corporation/8499/,ok,2023年11月20日,"10,000円",15名,新井 裕,東京都 中央区銀座1-12-4N&E BLD.7階,https://natural-architect.jp/
株式会社Rateinit,https://hnavi.co.jp/corporation/8500/,ok,2020年2月20日,"100,000円",3名,中村和貴,静岡県 浜松市中央区天王町1195-1 スカイキング2plus 104,
株式会社Agate,https://hnavi.co.jp/corporation/8518/,ok,2005年7月1日,"10,000,000円",15名,三浦 清樹,東京都 千代田区六番町11-3 エクサス六番町202,http://www.agate-japan.com
株式会社Altus-Five,https://hnavi.co.jp/corporation/8546/,ok,2006年10月2日,"10,000,000円",23名,佐藤 円,東京都 新宿区新宿3-3-2京王新宿三丁目第二ビル5階,https://www.altus5.co.jp/
株式会社Walkers,https://hnavi.co.jp/corporation/8583/,ok,2021年8月12日,"1,000,000円",6名,渡辺敦司,東京都 東京都文京区目白台二丁目9番4号 1F,https://walker-s.co.jp/
株式会社SBWorks,https://hnavi.co.jp/corporation/8617/,ok,2016年3月4日,"7,000,000円",25名,根本 智勝,東京都 中央区日本橋蛎殻町1-7-9 TQ茅場町,https://sbworks.jp/
株式会社KUGEDOU,https://hnavi.co.jp/corporation/8623/,ok,2023年8月30日,"100,000円",2名,山谷和紀,埼玉県 さいたま市,https://www.kugedou.com/
株式会社WIA Technologies,https://hnavi.co.jp/corporation/8703/,ok,2020年10月21日,"1,000,000円",5名,梅津勇介,北海道 札幌市中央区北4条東1丁目3-1パシフィックタワー札幌2701,https://wiatech.jp/
合同会社elm,https://hnavi.co.jp/corporation/8704/,ok,2021年9月1日,1円,5名,正木智久,東京都 港区芝公園3-5-15-405,https://www.elminc.co.jp/
株式会社SUPINF,https://hnavi.co.jp/corporation/8725/,ok,2012年4月16日,"10,000,000円",14名,山田真一,東京都 渋谷区道玄坂1-12-1 渋谷マークシティウエスト14階,https://www.supinf.co.jp/
アクセルフロー株式会社,https://hnavi.co.jp/corporation/8853/,ok,2022年8月2日,"5,000,000円",5名,松野 紘明,東京都 品川区西五反田8-2-12,https://accelflow.jp/
PixPot株式会社,https://hnavi.co.jp/corporation/8911/,ok,2023年4月24日,"5,000,000円",10名,遠藤惣太,東京都 新宿区新宿５丁目15-14,https://www.pixpot.jp/
Indo-Sakura Software Japan株式会社,https://hnavi.co.jp/corporation/9057/,ok,2005年12月12日,"10,000,000円",150名,パスワン・アトュル,東京都 江東区東陽 5丁目30-13 東京原木会館6階,https://www.indosakura.com/
エンハンスド株式会社,https://hnavi.co.jp/corporation/9100/,ok,2022年2月22日,"5,000,000円",10名,三浦 玄,東京都 中央区日本橋箱崎町1-2,https://enhanced.co.jp/
株式会社ウェルビーイングス,https://hnavi.co.jp/corporation/9205/,ok,2020年1月22日,"8,000,000円",30名,大泉弘晶,東京都 港区六本木3-2-1 住友不動産六本木グランドタワー8F,https://well-beings.co.jp/
株式会社Skrum,https://hnavi.co.jp/corporation/9215/,ok,2017年8月28日,"10,000,000円",15名,田澤 尚治,東京都 渋谷区円山町5-2 第二伊藤ビル4F,https://skrum.co.jp/
株式会社Liaro,https://hnavi.co.jp/corporation/9224/,ok,2014年10月22日,"9,520,000円",15名,花田賢人,東京都 文京区本郷2-40-14 山崎ビル402,https://liaro.ai/
株式会社ベーシック,https://hnavi.co.jp/corporation/9367/,ok,1982年9月13日,"50,000,000円",174名,奥田 克彦,新潟県 新潟市中央区笹口1-20-5 ファイビル,https://www.basic.co.jp/
株式会社モア,https://hnavi.co.jp/corporation/9442/,ok,2024年4月2日,"1,000,000円",5名,大関浩平,東京都 板橋区中台,https://giant-more.co.jp/
合同会社Gugenka,https://hnavi.co.jp/corporation/9451/,ok,2018年4月18日,"5,000,000円",2名,丸山 和良,北海道 札幌市北区北２１条西１２丁目２北大ビジネス・スプリング２０４,https://gugenka.co.jp/
株式会社トッカシステムズ,https://hnavi.co.jp/corporation/9501/,ok,2008年2月19日,"10,000,000円",41名,谷 樹,東京都 千代田区神田神保町２－２０ ワカヤギビル３階,https://tocca.systems/
株式会社ソフトハート,https://hnavi.co.jp/corporation/9519/,ok,1990年9月25日,"20,000,000円",75名,代表取締役 松平 哲也,大阪府 大阪市北区梅田1丁目11番4-700 大阪駅前第4ビル7F,https://www.softheart.net/
株式会社BothArms,https://hnavi.co.jp/corporation/9529/,ok,2024年4月17日,"3,000,000円",1名,林龍之介,千葉県 流山市おおたかの森北,https://www.botharms.co.jp/
株式会社モノリスワークス,https://hnavi.co.jp/corporation/9570/,ok,2001年6月1日,"3,000,000円",12名,吉村 賢哉,埼玉県 さいたま市見沼区丸ヶ崎1220-205,https://monolithworks.co.jp/
株式会社ジェネレーションパス,https://hnavi.co.jp/corporation/9576/,ok,2002年1月18日,"627,110,000円",127名,岡本洋明,東京都 新宿区西新宿6-12-1 西新宿パークウエストビル5F,https://www.genepa.com/
株式会社デーリー東北新聞社,https://hnavi.co.jp/corporation/9590/,ok,1945年12月15日,"7,000円",200名,広瀬 知明,青森県 八戸市城下1-3-12,https://www.daily-tohoku.news/
株式会社イノーバ,https://hnavi.co.jp/corporation/9696/,ok,2011年6月28日,"100,000,000円",50名,宗像 淳,東京都 新宿区市谷船河原町9-1 NBCアネックス市谷ビル7階,https://innova-jp.com/
株式会社レジット,https://hnavi.co.jp/corporation/9756/,ok,2013年1月24日,"6,000,000円",35名,浅井脩太郎,東京都 渋谷区円山町28-1 渋谷道玄坂スカイビル4F,https://legit.co.jp/
SeekNext合同会社,https://hnavi.co.jp/corporation/9766/,ok,2019年10月17日,"1,000,000円",3名,佐藤潤嗣,福岡県 福岡市,https://seeknext.co.jp/
株式会社Gemcook,https://hnavi.co.jp/corporation/9812/,ok,2016年9月12日,"10,000,000円",16名,藤本 卓哉,大阪府 大阪市北区大淀南 1-11-16 大都ビル 5F,https://gemcook.com/
株式会社TO-Bクリエイション,https://hnavi.co.jp/corporation/9862/,ok,2020年1月6日,"3,000,000円",5名,佐々木将人,北海道 札幌市中央区北5条西11丁目15-4 BYYARD 604,https://tobcreation.com/
株式会社アルテニア,https://hnavi.co.jp/corporation/9932/,ok,2018年6月1日,"10,000,000円",38名,二見 恭平,東京都 千代田区神田小川町３－１４－３,https://www.altenir.co.jp/
株式会社インテリジェントワークス,https://hnavi.co.jp/corporation/9952/,ok,2003年6月12日,"40,000,000円",7名,神山邦彦,東京都 渋谷区桜丘町23番17号 シティコート桜丘 408,https://www.intelligentworks.co.jp/
株式会社応用ソフト開発,https://hnavi.co.jp/corporation/9955/,ok,1984年3月12日,"1,650円",16名,筒井裕貴,東京都 中央区東日本橋3丁目6番5号 SAI BUILDING 4F,https://www.appsoft.co.jp/
株式会社FLAT,https://hnavi.co.jp/corporation/9961/,ok,2016年4月1日,"1,000,000円",8名,サトウハルミ,東京都 目黒区青葉台4-4-12 THE N3,https://wd-flat.com/
CNEXT株式会社,https://hnavi.co.jp/corporation/9987/,ok,2006年8月15日,"1,200円",5名,宍戸信夫,東京都 渋谷区代々木2-23-1 ニューステートメナー11F 1169号室,http://www.cnext.jp.net/
ファインソリューション株式会社,https://hnavi.co.jp/corporation/9992/,ok,2003年4月15日,"10,000,000円",22名,戸村 直史,東京都 台東区台東１－３－１０ ビルユキサダ５階,https://www.finesolution.co.jp/
イーアールエス株式会社,https://hnavi.co.jp/corporation/10020/,ok,2006年8月11日,"10,000,000円",10名,上山﨑 継剛,東京都 西早稲田1丁目9-17 藤和シティコープ早稲田102,https://www.ers-corp.jp/
株式会社Youfit,https://hnavi.co.jp/corporation/10026/,ok,2014年8月1日,"10,000,000円",41名,生座本 真,東京都 目黒区下目黒3-7-3 プレスタ目黒5F,https://www.youfit.co.jp/
株式会社ハイマックス,https://hnavi.co.jp/corporation/10077/,ok,1976年5月21日,"689,040,000円",856名,中島 太,神奈川県 横浜市西区みなとみらい2-3-5 クイーンズタワーC棟21F,https://www.himacs.jp/
株式会社kakeruX,https://hnavi.co.jp/corporation/10080/,ok,2021年9月7日,"500,000円",50名,寺田伊織,岡山県 笠岡市笠岡2831-1,https://kakerux.co.jp/
株式会社ARKARTWORKS,https://hnavi.co.jp/corporation/10154/,ok,2023年2月13日,"1,000,000円",1名,加藤 瑠,東京都 品川区 小山台１丁目２６ - ３,https://www.arkartworks.jp/
Kalonade株式会社,https://hnavi.co.jp/corporation/10161/,ok,2021年6月10日,"5,000,000円",1名,田中漱哉,東京都 渋谷区恵比寿１丁目２２−２３ー４０３,https://kalonade.co.jp/
株式会社シーコムネット,https://hnavi.co.jp/corporation/10177/,ok,2016年11月1日,"2,000,000円",12名,河野嘉樹,茨城県 那珂郡東海村舟石川駅東2-23-19 タウニィKビル東海3F,https://www.sea-com.net/
株式会社st4system,https://hnavi.co.jp/corporation/10222/,ok,2023年5月3日,"500,000円",11名,前田智,広島県 広島市中区銀山町3-1ひろしまハイビル２１ １６階,https://st4system.com/
株式会社Wanderlust,https://hnavi.co.jp/corporation/10239/,ok,2023年1月1日,"1,000,000円",40名,西川 響,東京都 千代田区神田神保町6-3-1 能楽書林ビル 4F,https://wander-lust.io/
ディコーディングエックス株式会社,https://hnavi.co.jp/corporation/10248/,ok,2023年4月27日,"10,000,000円",30名,チャウラー アンキット,東京都 千代田区六番町２－１５２F,https://dcodingx.co.jp/
InnoSphere株式会社,https://hnavi.co.jp/corporation/10277/,ok,2024年3月7日,"5,000,000円",15名,銭泯辰,東京都 品川区東五反田5-22-5-210B号,https://www.innosphere.cc/
姚和株式会社,https://hnavi.co.jp/corporation/10280/,ok,2023年7月6日,"18,000,000円",5名,姚 霊芝,東京都 新宿区北新宿１丁目１番１６号 JSビル802号室,https://youwa.xyz/
株式会社サンカクカンパニー,https://hnavi.co.jp/corporation/10281/,ok,2005年7月6日,"50,000,000円",55名,金田 直之,東京都 北区上中里２丁目９−１,https://www.3kaku.co.jp/
"Vitalify Asia Co., Ltd.",https://hnavi.co.jp/corporation/10293/,ok,2008年9月1日,"150,000,000円",150名,櫻井 岳幸,"海外 224A-224B Dien Bien Phu Street, Vo Thi Sau Ward, District 3, Ho Chi Minh City, Vietnam.",https://www.vitalify.asia/ja
株式会社NEXT FREEDOM,https://hnavi.co.jp/corporation/10309/,ok,2024年5月2日,"990,000円",4名,川島匡人,東京都 新宿区西新宿7-16-22 西新宿KIHビル2階,https://next-freedom.jp/
株式会社ソルテック,https://hnavi.co.jp/corporation/10330/,ok,1999年7月15日,"10,000,000円",36名,伊藤 信一,北海道 札幌市中央区北1条西3丁目3 ばらと北1条ビル 4階,https://sol-tec.jp/
ReAlice株式会社,https://hnavi.co.jp/corporation/10343/,ok,2023年4月1日,"5,201,750円",24名,船木 駿,東京都 新宿区新宿２丁目１２−１３ 新宿ビル 2F,https://realice.jp/
株式会社プロバイドメソッド,https://hnavi.co.jp/corporation/10347/,ok,2014年5月14日,"3,030,000円",12名,川田 辰也,東京都 新宿区西新宿7-2-12 松下産業本社ビル2F,https://www.providemethod.co.jp/
株式会社ケーズシステム,https://hnavi.co.jp/corporation/10449/,ok,2001年11月20日,"10,000,000円",25名,河合 勇二,東京都 新宿区新宿1-11-13 慶應堂御苑ビル5階,https://www.ks-system.co.jp/
ストリクトシステムズ株式会社,https://hnavi.co.jp/corporation/10491/,ok,2007年12月20日,"3,000,000円",15名,松堂 恵太,東京都 新宿区西新宿3-15-7 MHビル 7F,https://www.strict.co.jp/
株式会社ウィジー,https://hnavi.co.jp/corporation/10492/,ok,2010年6月17日,"42,680,000円",11名,村山崇,東京都 中央区日本橋大伝馬町１２番９号神浦ビル４F,https://www.whizzy.co.jp/
ナウア株式会社,https://hnavi.co.jp/corporation/10535/,ok,2020年7月20日,"1,000,000円",20名,藤澤 竜治,東京都 葛飾区亀有3-11-11マーベラス大協ビル3F,https://nauh-inc.com/
株式会社Notty,https://hnavi.co.jp/corporation/10546/,ok,2020年2月26日,"2,200,000円",14名,能登 星嘉,東京都 北区赤羽西二丁目18番13号,https://notty.jp/
株式会社REUNION SOFTWARE,https://hnavi.co.jp/corporation/10561/,ok,2024年10月22日,"3,000,000円",3名,吉井 健文,東京都 東京都新宿区西新宿３丁目３番１３号西新宿水間ビル６階,https://www.reunion.software/
株式会社ニボシ,https://hnavi.co.jp/corporation/10574/,ok,2023年11月22日,"10,000,000円",,長峰 孝博,福島県 会津若松市北青木７番46号,https://niboshi.co.jp/
BASHAKA株式会社,https://hnavi.co.jp/corporation/10586/,ok,2024年6月26日,"10,000,000円",5名,澤辺 敦史,東京都 渋谷区桜丘町31番14号 SLACK SHIBUYA 502,https://www.bashaka.com/
合同会社Mohican,https://hnavi.co.jp/corporation/10587/,ok,2014年9月14日,"1,000,000円",4名,伊藤雄大,東京都 渋谷区宇田川町１２−３ニュー渋谷コーポラス８F,https://mohican.co.jp/
株式会社OCTA CREATION,https://hnavi.co.jp/corporation/10593/,ok,2022年12月1日,"2,000,000円",10名,吉川 集,神奈川県 川崎市中原区上丸子山王町2丁目1332番地 グランデュール山王102,https://www.octacreation.com/
N.E.W Verse株式会社,https://hnavi.co.jp/corporation/10600/,ok,2022年10月27日,"47,000,000円",25名,本由 麗雄,東京都 千代田区九段北1−9−5,https://www.new-verse.com/company
アイエステクノ株式会社,https://hnavi.co.jp/corporation/10699/,ok,2010年11月5日,"5,000,000円",10名,三浦 義昭,岩手県 一関市大町４－１８,https://istechno.co.jp/
株式会社IH1,https://hnavi.co.jp/corporation/10717/,ok,2024年9月10日,"1,000,000円",1名,長久保 聡,千葉県 市川市平田１－１－１,https://www.ih1.co.jp/
株式会社Webフクロウ,https://hnavi.co.jp/corporation/10720/,ok,2013年9月4日,"3,000,000円",2名,山野辺 大嗣,東京都 世田谷区上馬1-33-3 KAMIUMA PLACE 214,https://web-fukurou.com/
株式会社日本オーエー研究所,https://hnavi.co.jp/corporation/10762/,ok,1983年5月11日,"120,360,000円",239名,関谷久,東京都 千代田区西神田3-2-1 住友不動産千代田ファーストビル南館 4階,https://www.noar.co.jp/
株式会社テックワークス,https://hnavi.co.jp/corporation/10776/,ok,2022年7月1日,"1,000,000円",25名,小野歩,東京都 千代田区外神田4-14-1 秋葉原UDX4F LIFORK秋葉原,https://tecworks.co.jp/
オンライン・モンスター株式会社,https://hnavi.co.jp/corporation/10781/,ok,2020年8月3日,"5,000,000円",9名,鈴木淳太,東京都 新宿区西新宿3丁目3番13号西新宿水間ビル2階,https://online-monstar.com/
株式会社エニー,https://hnavi.co.jp/corporation/10814/,ok,2015年2月13日,"5,000,000円",12名,松永 亮,兵庫県 尼崎市西長洲町3-3-10,https://ai.any-inc.com/
株式会社Shed,https://hnavi.co.jp/corporation/10835/,ok,2006年7月7日,"4,000,000円",11名,代表取締役 橘友希,東京都 渋谷区東3-16-5 サンパーク恵比寿301,https://www.shed.co.jp/
アイムホッピング合同会社,https://hnavi.co.jp/corporation/10841/,ok,2022年2月22日,"1,000,000円",2名,前川弘基,愛知県 名古屋市名東区,https://imhopping.jp/
アイシン株式会社,https://hnavi.co.jp/corporation/10883/,ok,2015年7月10日,"30,000,000円",50名,秦平,東京都 中央区京橋3丁目12-7 GINZA EAST SQUARE 2階,http://itshin.co.jp/
ザンシン株式会社,https://hnavi.co.jp/corporation/10890/,ok,2015年10月15日,"9,900,000円",21名,田中 正人,東京都 千代田区神田多町2-9-6 田中ビル本館,https://zanthing.com/
株式会社WBcompany,https://hnavi.co.jp/corporation/10891/,ok,2017年3月2日,"3,000,000円",2名,西本 至秀,和歌山県 和歌山市土入243-1,https://wbcompany.co.jp/
Owned株式会社,https://hnavi.co.jp/corporation/10898/,ok,2020年1月15日,"3,750,000円",30名,石井翔,東京都 品川区大崎4-6-8,https://owned.co.jp/
株式会社STYZ,https://hnavi.co.jp/corporation/10907/,ok,2016年3月11日,"143,695,003円",60名,田中辰也,東京都 渋谷区千駄ヶ谷3-59-4 クエストコート原宿102,https://styz.io/tech
株式会社リーフワークス,https://hnavi.co.jp/corporation/10955/,ok,2010年7月6日,"10,000,000円",65名,澤 健太,滋賀県 滋賀県大津市真野1丁目14-34,https://www.leafworks.jp/
LightStudio株式会社,https://hnavi.co.jp/corporation/11000/,ok,2023年3月3日,"1,000,000円",5名,帆足大輝,東京都 千代田区神田佐久間町3-37-4 2F,https://www.lightstudio.co.jp/
株式会社ニューロテックシステム,https://hnavi.co.jp/corporation/11004/,ok,1990年3月29日,"10,000,000円",33名,坂元 幸,大阪府 大阪市西区阿波座1-4-4 野村不動産四ツ橋ビル 14F,https://www.neurotec.co.jp/
平野電業株式会社,https://hnavi.co.jp/corporation/11018/,ok,1974年9月19日,"20,400,000円",78名,平野誉士,東京都 千代田区神田小川町3-22-9 タイメイビル 5F-B,https://hirano-ele.co.jp/it_solution
"ICT Star Group Myanmar Co., Ltd.",https://hnavi.co.jp/corporation/11020/,ok,2016年4月25日,"142,000,000円",200名,京 淳一,神奈川県 川崎市中原区 小杉町 1-403-60 小杉ビルディング4F,https://www.isgm2.com/ja
ビット・スキャン・テクノロジー株式会社,https://hnavi.co.jp/corporation/11051/,ok,2024年10月11日,"8,000,000円",3名,大浦 崇,東京都 台東区浅草橋２丁目２９番１１号 ６階,https://bitscan.jp
NetCONNECT株式会社,https://hnavi.co.jp/corporation/11097/,ok,2010年4月20日,"50,000,000円",3名,徳永隆也,東京都 目黒区下目黒1-1-14 コノトラビル7F,https://netconnect.co.jp/
株式会社リアルグラフィックス,https://hnavi.co.jp/corporation/11104/,ok,2013年5月15日,"1,000,000円",3名,伊藤勇,東京都 東京都中央区入船2-3-7築地エー・アイ・ユービル7F,https://www.realgraphics.jp/
株式会社トータルクラウド,https://hnavi.co.jp/corporation/11141/,ok,2015年4月1日,"10,000,000円",12名,浅野恭平,大阪府 大阪市淀川区東三国 2丁目37-10EIDAI BLD.8階,https://w3.total-cloud.net/
ニッタスタジオ株式会社,https://hnavi.co.jp/corporation/11156/,ok,2020年8月1日,"500,000円",8名,新田聡一郎,埼玉県 埼玉県越谷市南越谷1丁目15番地1 南越谷ラクーン4F,https://nitta.studio/
日本ソフテック株式会社,https://hnavi.co.jp/corporation/11166/,ok,1989年9月21日,"31,500,000円",204名,丸山 祐市,東京都 千代田区内神田3-10-8 NSFTビル,https://www.nsft.co.jp/
スマートソーシャル株式会社,https://hnavi.co.jp/corporation/11267/,ok,2011年3月8日,"9,900,000円",25名,酒井 禎雄,東京都 品川区西五反田8-11-21 五反田ＴＲビル 6階,https://www.smartsocial.co.jp/
テコネット株式会社,https://hnavi.co.jp/corporation/11290/,ok,2019年5月7日,"600,000円",6名,鏑木 哲,大阪府 大阪市北区堂山町3-3 日本生命梅田ビル７F,https://teconet.co.jp/
Moru合同会社,https://hnavi.co.jp/corporation/11323/,ok,2024年12月17日,"1,000,000円",6名,朴東民,東京都 渋谷区道玄坂1丁目10番8号渋谷道玄坂東急ビル2F−C,https://moru.tech/
株式会社Pikawaka,https://hnavi.co.jp/corporation/11373/,ok,2022年2月2日,"3,000,000円",3名,宮嶋 勇弥,東京都 千代田区九段南1-5-6 りそな九段ビル5F KSフロア,https://pikawaka.co.jp/
株式会社ラスターワークス,https://hnavi.co.jp/corporation/11400/,ok,2001年1月1日,"12,200,000円",5名,石躍 胤臣,東京都 武蔵野市中町1丁目2-9 サンローゼ武蔵野501号室,https://lusterworks.co.jp/
有限会社ミコ,https://hnavi.co.jp/corporation/11428/,ok,2000年5月1日,"10,000,000円",5名,根本哲史,東京都 豊島区東池袋4-29-12-401,https://micomico.com/
株式会社Franca AI,https://hnavi.co.jp/corporation/11429/,ok,2023年6月5日,"3,000,000円",20名,井上舜平,東京都 中央区銀座1丁目12番4号N&E BLD.6F,https://franca.co.jp/
株式会社AIアクティブ,https://hnavi.co.jp/corporation/11453/,ok,2018年1月1日,"10,000,000円",25名,可児 浩明,岐阜県 岐阜市徹明通6-1-1 善福寺ビル1F,https://www.ai-active.co.jp/
株式会社メソッドプラス,https://hnavi.co.jp/corporation/11583/,ok,2023年5月8日,"3,000,000円",4名,楡井 康哲,東京都 新宿区新宿1−6−8 新宿鈴木ビルA館8階,https://methodplus.co.jp/
SigmaBrain株式会社,https://hnavi.co.jp/corporation/11606/,ok,2025年3月14日,"1,100,000円",25名,吉永響,東京都 渋谷区千駄ヶ谷4-19-15 アポセント千駄ヶ谷401,https://sigmabrain.co.jp/
合同会社しののめ,https://hnavi.co.jp/corporation/11622/,ok,2024年1月4日,"100,000円",4名,川崎 慎也,大阪府 河内長野市美加の台７－３２－１１,https://shinonome.llc/
WILLVER株式会社,https://hnavi.co.jp/corporation/11638/,ok,2021年4月28日,"1,000,000円",4名,柳澤慎一,神奈川県 横浜市西区北幸1-11-1 水信ビル7階,https://willver.co.jp/
株式会社サイバーレコード,https://hnavi.co.jp/corporation/11646/,ok,2008年8月1日,"50,000,000円",263名,増田一哉,北海道 北広島市白樺町1丁目8-5 2階4号,https://www.cyber-records.co.jp/
東京ソフト開発株式会社,https://hnavi.co.jp/corporation/11654/,ok,1987年5月15日,"10,000,000円",10名,亀田重統,東京都 新宿区四谷３－６－２ 第５富澤ビル２階,http://www.tky-soft.co.jp/
株式会社クインクエ,https://hnavi.co.jp/corporation/11691/,ok,2021年9月1日,"50,000円",8名,矢部 拓,兵庫県 神戸市中央区旭通３－５－５No.1ビル４F,https://quin-que.net/
アクストリア株式会社,https://hnavi.co.jp/corporation/11699/,ok,2006年8月16日,"37,500,000円",154名,森 博和,愛知県 名古屋市中区錦一丁目5-11 名古屋伊藤忠ビル 3F,https://axtria.co.jp/
ビーバイト株式会社,https://hnavi.co.jp/corporation/11707/,ok,2018年1月26日,"1,000,000円",1名,福井 紀隆,大阪府 大阪府堺市堺区二条通１－２ ＪＯＹ Ｂｌｄｇ ２０１,https://beebyte.jp/
株式会社Hornet Ventures,https://hnavi.co.jp/corporation/11726/,ok,2021年6月28日,"8,800,000円",15名,清水 大暉,東京都 中央区八丁堀2丁目21-2 コア京橋ビル 9F,https://hornet-v.com/
株式会社NBI,https://hnavi.co.jp/corporation/11753/,ok,2004年4月1日,"16,000,000円",4名,金丸千賀,東京都 渋谷区代々木2-26-4-303,https://n-biz.jp/
株式会社deeptier,https://hnavi.co.jp/corporation/11779/,ok,2021年12月22日,"9,900,000円",8名,田中崇寛,神奈川県 横浜市中区不老町3丁目13-12 2F,https://deeptier.co.jp/
株式会社タイムラボ,https://hnavi.co.jp/corporation/11808/,ok,2018年2月1日,"8,500,000円",40名,保積 雄介,大阪府 大阪府大阪市北区梅田1-2-2 大阪駅前第2ビル 12-12,https://timelab.jp/penguinstudio
合同会社ニフロ,https://hnavi.co.jp/corporation/11834/,ok,2025年4月18日,"100,000円",6名,梅津宏紀,東京都 世田谷区羽根木1−20−16,https://www.niflo.jp
合同会社KOKESHI Arts,https://hnavi.co.jp/corporation/11860/,ok,2022年2月27日,"1,500,000円",5名,村田光史,東京都 渋谷区神宮前６丁目２３番４号桑野ビル２階,https://steppe-labs.jp/
CES Industrial株式会社,https://hnavi.co.jp/corporation/11874/,ok,2018年10月3日,"5,000,000円",15名,中野 光寿,静岡県 浜松市中央区和合町315-1524,https://ces-ind.com/
CTCシステムマネジメント株式会社,https://hnavi.co.jp/corporation/11920/,ok,2008年7月1日,"300,000,000円",2075名,今川 聖,東京都 東京都港区虎ノ門4-1-1 神谷町トラストタワー,https://www.ctcs.co.jp/
JoinX株式会社,https://hnavi.co.jp/corporation/11928/,ok,2016年4月26日,"50,000,000円",80名,王 大中,東京都 品川区東五反田5-22-37 オフィスサークルN五反田9階,https://joinx.co/ja/
株式会社アクティヴァーチ・コンサルティング,https://hnavi.co.jp/corporation/11935/,ok,2020年11月1日,"15,000,000円",300名,福井 康司,東京都 港区虎ノ門２丁目６番１号 虎ノ門ヒルズステーションタワー39階,https://activarch.co.jp/
株式会社サンテクノス,https://hnavi.co.jp/corporation/11975/,ok,2003年3月27日,"10,000,000円",44名,林田 茂宏,福岡県 福岡市博多区博多駅東2-2-2 博多東ハニービル4F,https://santechnos.com/
株式会社エフィシエント,https://hnavi.co.jp/corporation/12026/,ok,2019年4月19日,"7,000,000円",3名,脇坂健一郎,神奈川県 横浜市西区北幸１丁目１１−１ 水信ビル７階,https://efficient-inc.com/
株式会社KDtech,https://hnavi.co.jp/corporation/12100/,ok,2025年5月27日,"20,000,000円",5名,小川真木子,大阪府 枚方市春日西町2-25-5,https://hekdtech.com/
株式会社アンビエント,https://hnavi.co.jp/corporation/12114/,ok,2024年2月7日,"1,000,000円",1名,濱田 良和,広島県 広島市東区二葉の里3-5-7 GRANODE広島3F,https://www.ambient.co.jp/
株式会社リンクトブレイン,https://hnavi.co.jp/corporation/12187/,ok,2011年10月6日,"53,000,000円",200名,清水弘一,東京都 文京区本郷3-43-16 コア本郷ビル,https://linkedbrain.jp/
株式会社Apertica,https://hnavi.co.jp/corporation/12209/,ok,2025年6月10日,"1,000,000円",10名,上井秀斗,東京都 港区赤坂8丁目8番10号 AKASAKA8ビル,https://apertica.co.jp/
HT Plus株式会社,https://hnavi.co.jp/corporation/12265/,ok,2022年4月20日,"5,000,000円",70名,かおりグエン,東京都 千代田区飯田橋2丁目3-1 東京フジビル 402号室,https://www.htplus.jp/
株式会社Flydino Japan,https://hnavi.co.jp/corporation/12282/,ok,2025年7月2日,"1,000,000円",50名,坂下裕基,東京都 品川区東品川2-2-28 EZOHUB東京,https://flydinotech.com
株式会社サル,https://hnavi.co.jp/corporation/12319/,ok,2015年5月1日,"5,100,000円",7名,橋本卓磨,東京都 台東区台東1-27-11 3-303,https://www.cae-sar.co.jp/
株式会社ヒュークリエイション,https://hnavi.co.jp/corporation/12323/,ok,2016年2月3日,"1,000,000円",2名,小松澤友謙,東京都 世田谷区,https://www.huecreation.com/
株式会社​ウェルスペック,https://hnavi.co.jp/corporation/12329/,ok,2019年3月1日,"20,000,000円",32名,大﨑竜凱,大阪府 大阪市西区北堀江1-6-5 大輪ビル9F,https://wellspec.co.jp/
ペッパージャパン株式会社,https://hnavi.co.jp/corporation/12347/,ok,2025年7月11日,"3,000,000円",30名,張 雪石,東京都 港区東麻布 2丁目28-1UP·BASE麻布十番505,https://www.t-pepper-jp.com/
OkamoLife株式会社,https://hnavi.co.jp/corporation/12353/,ok,2023年9月14日,"2,000,000円",1名,岡田大作,埼玉県 ふじみ野市,https://okamolife.net/
株式会社アイティジェイ,https://hnavi.co.jp/corporation/12378/,ok,1995年4月20日,"9,000,000円",10名,出沼文夫,東京都 台東区東上野5-1-8 上野富士ビル3F,https://itjpn.com/
株式会社Creative.LAB,https://hnavi.co.jp/corporation/12415/,ok,2020年4月1日,"5,000,000円",17名,中村修吾,新潟県 新潟市中央区東大通1-7-8 アイ・エム第一ビル7F (6F/WorkSpace、7F/MA編集室・アナブース・打合せ、8F/撮影studio、配信studio),https://creativelab.biz/
アソビット合同会社,https://hnavi.co.jp/corporation/12424/,ok,2023年4月3日,"2,500,000円",2名,藤平 達也,岩手県 盛岡市松園2丁目2-10,https://asobit.jp/
マイルストーン株式会社,https://hnavi.co.jp/corporation/12464/,ok,2024年1月12日,"59,000,000円",5名,松本剛徹,東京都 港区南青山2-2-15 WinAoyamaビル UCF6階,https://milestone-corporation.jp/
株式会社ALTYNA,https://hnavi.co.jp/corporation/12465/,ok,2024年4月3日,"100,000円",5名,樋口 隼之介,北海道 札幌市中央区南1条東2-5-1 MⅡビル 6F,
株式会社ジェーピークリエイト,https://hnavi.co.jp/corporation/12501/,ok,2002年7月1日,"20,400,000円",12名,坂本和恵,東京都 港区芝2-27-8 VORT芝公園 2階,https://www.jpc.jp/
株式会社KOUGA SYSTEM,https://hnavi.co.jp/corporation/12511/,ok,2020年10月5日,"3,000,000円",2名,信岡 勇喜,福岡県 北九州市門司区新門司北２丁目10−２,https://kougasystem.com/
Topaz株式会社,https://hnavi.co.jp/corporation/12529/,ok,2019年9月24日,"1,500,000円",4名,天良周史,大阪府 東大阪市若江本町1-4-28,https://topaz-inc.dev/
株式会社モノクレア,https://hnavi.co.jp/corporation/12553/,ok,2010年8月5日,"13,000,000円",42名,桑原雄一,東京都 千代田区東神田1-2-10,https://monocrea.co.jp/
スリーウェイグッド株式会社,https://hnavi.co.jp/corporation/12566/,ok,2020年4月1日,"29,000円",1名,松田 優作,東京都 港区新橋2-20-15 新橋駅前ビル1号館601,https://3wg.jp/
株式会社ブランディングワークス,https://hnavi.co.jp/corporation/12578/,ok,2020年6月1日,1円,4名,根谷泰順,千葉県 柏市若柴178番地4 柏の葉キャンパス148街区2 ショップ＆オフィス棟6F,https://www.branding-works.jp/
株式会社晟楊,https://hnavi.co.jp/corporation/12585/,ok,2023年4月6日,"5,000,000円",3名,楊学涛,東京都 練馬区豊玉北３ー１ー３ パレ・ドール豊玉北４０１,https://seiyouco.com/ja/
ロジカルコンピューターセンター株式会社,https://hnavi.co.jp/corporation/12589/,ok,1987年8月12日,"10,000,000円",13名,長谷川洋平,神奈川県 大和市中央林間5-7-6,https://www.lcc.jp/
株式会社エシカラナ,https://hnavi.co.jp/corporation/12620/,ok,2012年12月25日,"2,000,000円",3名,田中綾,佐賀県 唐津市京町１７８３ KARAE２F,https://wellio.co.jp
日本ノーベル株式会社,https://hnavi.co.jp/corporation/12624/,ok,1980年4月9日,"100,000,000円",154名,下山 到,東京都 北区王子2-30-2,https://www.jnovel.co.jp/
有限会社エヌジィ・マット・コーポレーション,https://hnavi.co.jp/corporation/12678/,ok,1998年5月20日,"3,000,000円",2名,佐藤 毅,東京都 新宿区北新宿４－１９－１２,https://www.ngmat.com/
ISM株式会社,https://hnavi.co.jp/corporation/12727/,ok,2011年2月22日,"28,000,000円",22名,松下忠己,石川県 金沢市駅西本町４丁目3-19,https://ism-tech.jp/
株式会社ルート・シー,https://hnavi.co.jp/corporation/12741/,ok,1998年8月4日,"10,000,000円",64名,辻友崇,大阪府 大阪市西区南堀江1-4-19 なんばスミソウビル9F,https://www.root-sea.co.jp/
株式会社Nexadata,https://hnavi.co.jp/corporation/12772/,ok,2025年7月2日,"10,000円",8名,槍田 三四郎,東京都 港区芝大門1-2-14 H¹O浜松町702号室,https://www.nexadata.co.jp/
ノイコン株式会社,https://hnavi.co.jp/corporation/12810/,ok,2024年7月1日,"1,000,000円",4名,安野優也,大阪府 大阪市北区中崎西1-8-24,https://www.neukom.jp/
株式会社timifura,https://hnavi.co.jp/corporation/12817/,ok,2025年9月24日,"1,000,000円",10名,松戸 誠人,神奈川県 横浜市西区北幸2丁目10-48 むつみビル3階,https://hnavi-timifura-corp.web.app/
株式会社ナレッジクロス,https://hnavi.co.jp/corporation/12837/,ok,2025年1月14日,"80,000,000円",90名,戴 捷,愛知県 名古屋市東区泉１丁目２−３ ソアービル6階,https://www.knowledgecross.co.jp/
トランジット株式会社,https://hnavi.co.jp/corporation/12869/,ok,2022年11月1日,"100,000円",4名,田中 聡,栃木県 栃木県下都賀郡壬生町緑町1-22-1,https://trans-it.jp/
株式会社ホワイトアーキテクト,https://hnavi.co.jp/corporation/12912/,ok,2022年12月23日,"1,500,000円",7名,古林美羽,神奈川県 横浜市西区北幸2-10-39日総第5ビル,https://white-arc.com/
ARCSTERIA CONSULTING株式会社,https://hnavi.co.jp/corporation/12918/,ok,2023年5月2日,"89,000,000円",21名,Satoshi Kato,東京都 千代田区丸の内1-8-3 丸の内トラストタワー本館,https://arcsteria.com/
株式会社Concreto,https://hnavi.co.jp/corporation/12922/,ok,2023年4月10日,"400,000円",20名,小川 遥介,東京都 港区南青山6-1-32-214,https://www.concreto.jp/
ダブルエープラス株式会社,https://hnavi.co.jp/corporation/12928/,ok,2025年10月9日,"8,000,000円",12名,篠原紘平,東京都 港区麻布十番2-20-7,https://aa-plus.co.jp/
株式会社コンピュータアドバイザー,https://hnavi.co.jp/corporation/12932/,ok,1983年10月1日,"11,000,000円",9名,儀保 真也,東京都 品川区北品川2-11-1ベイテラス北品川204,https://www.cal-tky.co.jp/
株式会社ビースタイル バリューテクノロジーズ,https://hnavi.co.jp/corporation/12941/,ok,2002年7月5日,"56,680,000円",100名,大城翼,東京都 新宿区西新宿6-18-1 住友不動産新宿セントラルパークタワー 32F,https://www.bstylegroup.co.jp/
株式会社りゅう,https://hnavi.co.jp/corporation/12954/,ok,2015年10月21日,"10,000,000円",24名,川上 司,沖縄県 那覇市久茂地2丁目3-10 RBCメディアセンタービル 5F,https://www.rue.co.jp/
株式会社エグゼクション,https://hnavi.co.jp/corporation/12967/,ok,2003年7月11日,"80,000,000円",127名,山本 進,東京都 港区芝浦3丁目1番1号 msb Tamachi 田町ステーションタワーN 31F,https://www.exection.co.jp/
株式会社光洋,https://hnavi.co.jp/corporation/13037/,ok,1988年9月4日,"10,000,000円",13名,駒井洋平,埼玉県 さいたま市大宮区櫛引町1-39-3,https://www.koyo-video.co.jp/
株式会社リブネロ,https://hnavi.co.jp/corporation/13098/,ok,2019年8月19日,"5,000,000円",16名,今村 雄太,東京都 港区高輪2-14-17 グレイス高輪ビル 8F,https://libnero.jp/
Praxis Design株式会社,https://hnavi.co.jp/corporation/13103/,ok,2023年3月22日,"1,000,000円",3名,竹田孝紀,山口県 宇部市西岐波,https://praxis-design.ai/
オクシリア株式会社,https://hnavi.co.jp/corporation/13120/,ok,2024年12月4日,"11,300,000円",20名,桝田秀章,東京都 千代田区丸の内1-11-1 パシフィックセンチュリープレイス丸の内８階,https://auxilium.tokyo/
JAPAN AI株式会社,https://hnavi.co.jp/corporation/13129/,ok,2023年4月14日,"20,000,000円",166名,工藤智昭,東京都 新宿区西新宿6-8-1 住友不動産新宿オークタワー5/6階,https://japan-ai.co.jp/
株式会社シンセアルファ,https://hnavi.co.jp/corporation/13174/,ok,2025年1月29日,"2,000,000円",2名,五十嵐港,千葉県 千葉市中央区中央２丁目２ー１６ エクセレント ザ タワー７０１,https://synthalpha.co.jp/
オイスターワールド株式会社,https://hnavi.co.jp/corporation/13225/,ok,2018年3月1日,"9,990,000円",30名,飯島悠介,東京都 千代田区岩本町２丁目５番８－５０１号,https://oysterworld.jp/
株式会社ジョイリープ・テクノロジーズ,https://hnavi.co.jp/corporation/13243/,ok,2025年1月31日,"500,000円",2名,佐藤光貴,東京都 千代田区神田須田町1-7-8 VORT秋葉原Ⅳ 2F,https://www.joyleep-tech.co.jp/
株式会社スタックアクト,https://hnavi.co.jp/corporation/13246/,ok,2022年2月17日,"5,000,000円",5名,塩谷 淳,東京都 千代田区神田佐久間町3-21 谷田部ビル27号室,https://stack-act.co.jp/
株式会社EPknoT,https://hnavi.co.jp/corporation/13255/,ok,2020年3月26日,"5,000,000円",17名,山本尚季,東京都 港区赤坂2丁目11-2ノワール赤坂ビルディング9階,https://epknot-ite.com/
VASILEUS株式会社,https://hnavi.co.jp/corporation/13301/,ok,2023年1月23日,"1,000,000円",3名,岡本達樹,東京都 東京都千代田区神田和泉町1-6-16 ヤマトビル405,https://vasileus.net/
株式会社TUKA,https://hnavi.co.jp/corporation/13331/,ok,2014年2月10日,"20,000,000円",12名,高橋智司,東京都 品川区南大井6-24-14 第五下川ビル901,https://www.tuka-sysit.com/
株式会社GlyFeld,https://hnavi.co.jp/corporation/13333/,ok,2024年1月23日,"2,000,000円",6名,藤田 悠仁,東京都 中央区銀座1-12-4 N&E BLD.6F,https://www.glyfeld.co.jp/
（株）リッチウィン,https://hnavi.co.jp/corporation/13338/,ok,2019年5月10日,"1,000,000円",10名,辻翔太,東京都 中央区銀座1-22-11 2F,https://richwin.jp/
株式会社AINZS,https://hnavi.co.jp/corporation/13344/,ok,2024年3月5日,"5,000,000円",4名,山口哲平,東京都 港区東麻布2-28-1,https://ainz-s.com/
テイルウインド株式会社,https://hnavi.co.jp/corporation/13361/,ok,2024年4月1日,"1,000,000円",5名,青木亮宏,熊本県 熊本市東区長嶺西1丁目9番2-205,https://tailwind8.com/
株式会社Bizan AI,https://hnavi.co.jp/corporation/13364/,ok,2025年11月17日,"200,000円",4名,岡田真弥,東京都 渋谷区円山町５番３号 ＭＩＥＵＸ渋谷ビル８階,https://bizan-ai.co.jp/
株式会社テクノブレーン,https://hnavi.co.jp/corporation/13371/,ok,1993年1月5日,"20,000,000円",61名,江部 竜也,神奈川県 横浜市中区長者町5-85 三共横浜ビル10F,http://www.tbn.co.jp/
株式会社Lanespire,https://hnavi.co.jp/corporation/13378/,ok,2025年7月8日,"100,000円",1名,高橋元希,東京都 中央区銀座,https://lanespire.com/
株式会社ドリームオンライン,https://hnavi.co.jp/corporation/13406/,ok,2007年3月1日,"12,000,000円",30名,堀博史,広島県 広島市中区中島町2-22 ミウラビル 6F,https://www.dreamonline.co.jp/
budtech合同会社,https://hnavi.co.jp/corporation/13453/,ok,2025年6月10日,"1,100,000円",10名,原田幸典,東京都 渋谷区神宮前６丁目２３番４号桑野ビル２階,https://budtech.jp/
株式会社サイズ,https://hnavi.co.jp/corporation/13454/,ok,2008年7月1日,"46,000,000円",15名,糟谷 博陸,東京都 渋谷区上原1-1-8代々木公園セントウエストテラス3F,http://www.x-yz.co.jp/
JTP株式会社,https://hnavi.co.jp/corporation/13481/,ok,1987年10月31日,"795,475,000円",462名,森 豊,東京都 品川区北品川4-7-35 御殿山トラストタワー14階,https://www.jtp.co.jp/
株式会社フォーク,https://hnavi.co.jp/corporation/13483/,ok,1999年5月6日,"50,000,000円",203名,佐藤 剛,東京都 港区南青山1-12-3 LIFORK MINAMI AOYAMA N103,https://www.fork.co.jp/
合同会社デザインL,https://hnavi.co.jp/corporation/13548/,ok,2025年10月6日,"300,000円",3名,鈴木正代,福島県 耶麻郡北塩原村桧原字簗部沢山1091-48,https://design-link.net/
株式会社UC,https://hnavi.co.jp/corporation/13560/,ok,2023年7月7日,"1,000,000円",40名,藤田力也,大阪府 大阪市西区南堀江3-16-14 B,https://ucltd24.com/
株式会社TOYODATA,https://hnavi.co.jp/corporation/13578/,ok,2015年12月7日,"20,000,000円",30名,てい い,東京都 台東区台東２－３－９ KHビル８階,https://toyosystems.com/
Stella Research&amp;Development株式会社,https://hnavi.co.jp/corporation/13621/,ok,2026年3月5日,"10,000,000円",50名,手塚 直也,東京都 港区六本木7-21-24 THE MODULE 603,https://stella-research-development.com/
株式会社もりくる,https://hnavi.co.jp/corporation/13700/,ok,2022年11月11日,"1,000,000円",10名,高津幸矢,神奈川県 綾瀬市吉岡東4-6-29,https://about.moricrew.com/
株式会社ティーティーラボ,https://hnavi.co.jp/corporation/13739/,ok,2014年10月20日,"3,000,000円",3名,竹内 孝之,東京都 渋谷区千駄ヶ谷5-26-5 代々木シティホームズ702,https://www.ttlab.jp/
リバーコンティニュー株式会社,https://hnavi.co.jp/corporation/13757/,ok,2006年2月1日,"10,000,000円",22名,代表取締役 眞栄里幸一,大阪府 大阪市北区曾根崎２丁目１２－７ 清和梅田ビル１０階,https://www.rivercontinue.co.jp/
Unbel合同会社,https://hnavi.co.jp/corporation/13758/,ok,2016年5月20日,"1,000,000円",5名,倉地恒貴,千葉県 柏市東上町2-28 第一水戸屋ビル3F,https://unbel.jp/
株式会社DAY ONE,https://hnavi.co.jp/corporation/13795/,ok,2021年11月16日,"3,600,000円",1名,古川亮,東京都 渋谷区千駄ヶ谷3-15-3,https://day-one.club/
Black AI株式会社,https://hnavi.co.jp/corporation/13797/,ok,2026年2月1日,"1,000,000円",22名,李迅然,東京都 渋谷区道玄坂1丁目10番8号,https://www.blackai.co.jp/
株式会社ソウルシンクス,https://hnavi.co.jp/corporation/13808/,ok,2018年3月1日,"200,000円",50名,菊地雅克,千葉県 千葉市美浜区中瀬1-3幕張テクノガーデンCB棟MBP内,https://www.soulsyncs.jp/
(株)ムクイル,https://hnavi.co.jp/corporation/13826/,ok,2024年3月21日,"1,000,000円",50名,入江 龍雅,東京都 墨田区太平3丁目11-10 NTKオオノビル6F,https://www.mukuil.com/
ハロラボ合同会社,https://hnavi.co.jp/corporation/13846/,ok,2020年3月5日,"3,160,000円",2名,平野陽介,東京都 渋谷区渋谷3-6-2 エクラート渋谷 5F,https://harolabo.com/
サワナミソリューションズジャパン株式会社,https://hnavi.co.jp/corporation/13850/,ok,2022年12月2日,"5,000,000円",5名,崔健,東京都 千代田区大手町1丁目7-2東京サンケイビル27階,https://www.sawatek.com
株式会社STEAH,https://hnavi.co.jp/corporation/13860/,ok,2022年2月21日,"450,000円",3名,田畑春樹,東京都 千代田区外神田6丁目15-11日東ビル 807号室,https://steah.co.jp/
株式会社Congaroo,https://hnavi.co.jp/corporation/13890/,ok,2025年12月1日,"3,000,001円",1名,中田拓海,東京都 豊島区東池袋一丁目４２番１４号 ２８山京ビル 7階 15,https://congaroo.org/
Gametector Systems,https://hnavi.co.jp/corporation/13900/,ok,2018年6月28日,"20,000,000円",15名,新井晶也,東京都 渋谷区恵比寿西二丁目8番4号 EX恵比寿西ビル5階,https://gametector-systems.com/
株式会社ミギナナメウエ,https://hnavi.co.jp/corporation/13905/,ok,2018年9月1日,"29,690,000円",150名,古鍜冶 賢,東京都 東京都渋谷区東1丁目22番11号 THE FIRST SHIBUYA 3F,https://migi-nanameue.co.jp/
合同会社Concept Works Studio,https://hnavi.co.jp/corporation/13909/,ok,2023年8月4日,"1,000,000円",1名,岡谷庸平,東京都 港区南青山2丁目4-15 天翔オフィス S-603,https://concept-works.studio.site/
株式会社テックフラッグ,https://hnavi.co.jp/corporation/13926/,ok,2020年7月1日,"60,000,000円",26名,浅田一輝,東京都 港区芝3-8-2 住友不動産芝公園ファーストビル7階,https://tech-flag.co.jp/
合同会社Forex Lab,https://hnavi.co.jp/corporation/14005/,ok,2022年6月3日,"500,000円",2名,瀬長 優介,埼玉県 さいたま市緑区原山１－１６－１７,https://forexlab.jp/
株式会社ダツスカ,https://hnavi.co.jp/corporation/14010/,ok,2025年9月2日,"5,000,000円",3名,髙田将吾,東京都 新宿区西新宿4-32-4 ハイネスロフティ1205,https://compath-life.com/
株式会社グローバルテックブリッジ,https://hnavi.co.jp/corporation/14022/,ok,2024年7月1日,"3,000,000円",5名,遠藤孝行,東京都 渋谷区道玄坂1-10-8 渋谷道玄坂東急ビル 2F-C,https://gtechbridge.com/
株式会社デジライズ,https://hnavi.co.jp/corporation/14023/,ok,2023年7月4日,"68,568,800円",40名,茶圓将裕,東京都 港区海岸１丁目７番１号東京ポートシティ竹芝１０Ｆ,https://digirise.ai/
GaTwork合同会社,https://hnavi.co.jp/corporation/14063/,ok,2023年5月12日,"550,000円",8名,太田垣 真紀,鳥取県 鳥取市,https://gatwork.jp/
株式会社ポップボーン,https://hnavi.co.jp/corporation/14113/,ok,2021年1月4日,"3,000,000円",4名,廣瀬 大都,東京都 渋谷区桜丘町23-17シティコート桜丘408,https://www.popborne.co.jp/
株式会社アップセット,https://hnavi.co.jp/corporation/14121/,ok,2009年7月1日,"2,000,000円",5名,橋谷 一義,大阪府 大阪市東成区玉津1₋1-24 中村ビル2階,https://u-set.jp/
株式会社eraDesign,https://hnavi.co.jp/corporation/14124/,ok,2025年5月1日,"10,000,000円",3名,文元 亮,大阪府 東大阪市渋川町1-14-13,https://eradesign.jp
株式会社Logos Tech,https://hnavi.co.jp/corporation/14136/,ok,2025年10月16日,"2,000,000円",5名,土佐 祐介,東京都 葛飾区東四つ木３丁目９番８号セレスティア東四つ木Ⅱ２０３号室,https://logostech.jp/
株式会社ENGINE BASE,https://hnavi.co.jp/corporation/14147/,ok,2026年2月17日,"500,000円",13名,高本聖斗,千葉県 千葉市中央区,https://engine-base.com/
株式会社アイスタ,https://hnavi.co.jp/corporation/14169/,ok,2025年10月30日,"500,000円",1名,田谷 駿治,京都府 京都市下京区七条通油小路東入大黒町227番地 第２キョートビル402,https://ai-study.co.jp/
エイベクト株式会社,https://hnavi.co.jp/corporation/14179/,ok,2015年1月15日,"9,000,000円",3名,浅中 和典,鳥取県 米子市淀江町西原780-1,https://www.avekt.com/
Foundry Labs株式会社,https://hnavi.co.jp/corporation/14223/,ok,2025年6月30日,"3,000,000円",3名,ヴァグレ セドリック,東京都 渋谷区円山町５番３号ＭＩＥＵＸ渋谷ビル８階,https://www.foundrylabs.co.jp/
株式会社Veogle,https://hnavi.co.jp/corporation/14264/,ok,2020年11月17日,"9,600,000円",4名,小松 哲平,東京都 渋谷区恵比寿4-20-3恵比寿ガーデンプレイスタワー18F,https://veogle.co.jp/
合同会社バリヤ,https://hnavi.co.jp/corporation/14265/,ok,2020年5月14日,"10,000円",1名,角張 吏,東京都 世田谷区奥沢5-1-11メゾンドジョワ202,https://variya.jp/
エイ･フォース株式会社,https://hnavi.co.jp/corporation/14277/,ok,2003年11月1日,"11,000,000円",56名,菅原俊哉,東京都 千代田区飯田橋4-8-13 山商ビル4F,https://www.a-force.biz/
株式会社ジェイツ・コンプレックス,https://hnavi.co.jp/corporation/14319/,ok,1992年6月23日,"40,000,000円",101名,高橋一彰,東京都 千代田区有楽町1-2-2 東宝日比谷ビル18F,https://www.j2complex.co.jp/
株式会社ハックラボ,https://hnavi.co.jp/corporation/14330/,ok,2010年6月10日,"1,000,000円",10名,寺園聖文,東京都 渋谷2丁目19番19号 ワコー宮益坂ビル5階,https://0x48lab.com/
株式会社アタリカ,https://hnavi.co.jp/corporation/14351/,ok,2014年12月3日,"3,000,000円",9名,片岡 靖貴,東京都 千代田区麹町4-8-1 THE MOCK-UP213号室,https://www.atarica.co.jp/
株式会社closip,https://hnavi.co.jp/corporation/14360/,ok,2016年9月20日,"92,004,000円",7名,池田武弘,東京都 港区新橋1-12-9 新橋プレイス7F,https://closip.ai/
株式会社ビルディット,https://hnavi.co.jp/corporation/14363/,ok,2016年3月7日,"5,250,000円",8名,富田陽介,東京都 八王子市東町1-14 橋完ビル4階,https://bldt.jp/
株式会社METAGRIT,https://hnavi.co.jp/corporation/14490/,ok,2025年3月26日,"200,000円",40名,石川滉也,東京都 渋谷区渋谷2-19-15宮益坂ビルディング609,https://metagrit.co.jp/
合同会社アクシオン,https://hnavi.co.jp/corporation/14560/,ok,2012年1月16日,"100,000円",2名,池澤哲也,東京都 豊島区池袋3-34-7 ビジネスパーク２階,https://axions.co.jp/
合同会社健適文化,https://hnavi.co.jp/corporation/14589/,ok,2023年8月10日,"2,000,000円",1名,半田 寛明,北海道 恵庭市,https://kenteki.org/
株式会社ケンサク,https://hnavi.co.jp/corporation/14596/,ok,2024年5月1日,"5,000,000円",2名,堀田徹,東京都 東京都台東区三筋１丁目７−３,https://www.kensaku-inc.com/
株式会社stem,https://hnavi.co.jp/corporation/14612/,ok,2022年3月22日,"1,000,000円",1名,木野雄希,福岡県 福岡市中央区黒門6-35,https://stem.dev/
IDPK LLC.,https://hnavi.co.jp/corporation/14656/,ok,2022年4月13日,"100,000円",5名,星野克明,東京都 文京区,https://www.idpk-llc.com/
UnifyX株式会社,https://hnavi.co.jp/corporation/14688/,ok,2023年5月22日,"500,000円",2名,張替翔太 / 山下翔,東京都 渋谷区 千駄ヶ谷５丁目 ８－５－２０３,https://www.unifyx.co.jp/
合同会社アイティラボ,https://hnavi.co.jp/corporation/14720/,ok,2023年9月1日,"1,000,000円",1名,西尾 敬介,愛知県 東海市,https://aitilabo.jp/
株式会社アイリ,https://hnavi.co.jp/corporation/14766/,ok,2011年6月28日,"1,000,000円",,小竹 顕太朗,神奈川県 川崎市中原区井田三舞町13-10,https://ai-li.biz/
株式会社メイド,https://hnavi.co.jp/corporation/14786/,ok,2026年5月26日,"3,000,000円",8名,岩田 和正,東京都 中央区日本橋室町1丁目11番12号,https://www.maid.co.jp/
株式会社映光,https://hnavi.co.jp/corporation/14831/,ok,1985年11月1日,"10,000,000円",10名,真々田和也,東京都 新宿区西五軒町6-5 石井飯田橋ビル3F,http://www.net-eiko.co.jp/
株式会社FITS,https://hnavi.co.jp/corporation/14837/,ok,2018年12月3日,"6,000,000円",23名,藤浦 哲,宮城県 仙台市青葉区一番町1-1-31 山口ビル4F,https://www.fits-inc.jp/
株式会社Geek,https://hnavi.co.jp/corporation/14968/,ok,2026年7月30日,"100,000円",3名,大貫 翔,東京都 渋谷区広尾1丁目2番地1号 ヒカリビル4階,https://geek-inc.site
